Número;Gis_X;Gis_Y;Fecha de Alta;Distrito;Barrio;Calle;Nº Finca;Tipo de Reserva;Línea / Batería;Número de Plazas;Longitud Reserva;Texto_Cajetines;Longitud;Latitud
01.02;441044,0800000000;4475402,9205100000;01-01-2051;01  CENTRO;01-04 JUSTICIA;GENOVA, CALLE, DE;6;Taxi;Línea;2;13,2;;-3.6950238180;40.4271729930
01.04;439299,3600000000;4475722,8800000000;26-01-2051;01  CENTRO;01-05 UNIVERSIDAD;PRINCESA, CALLE, DE LA;56;Taxi;Línea;8;50,7;;-3.7156210780;40.4299304100
01.11 a;440968,6700000000;4474059,0000000000;03-05-2051;01  CENTRO;01-03 CORTES;DUQUE DE MEDINACELI, CALLE, DEL;6;Taxi;Línea;9;45,3;;-3.6957880290;40.4150614670
01.11 b;440974,8000000000;4474009,1300000000;03-03-2051;01  CENTRO;01-03 CORTES;DUQUE DE MEDINACELI, CALLE, DEL;12;Taxi;Línea;5;25;;-3.6957111950;40.4146122110
01.17;441329,9900000000;4475203,2051000000;21-12-2051;01  CENTRO;01-04 JUSTICIA;GENOVA, CALLE, DE;28;Taxi;Línea;5;25,83;;-3.6916350020;40.4253939590
01.18;439413,9205100000;4475737,0205100000;24-06-2051;01  CENTRO;01-05 UNIVERSIDAD;SERRANO JOVER, CALLE, DE;5;Taxi;Línea;6;30;;-3.7142720480;40.4300665440
01.24;439799,9900000000;4474569,2800000000;02-08-2051;01  CENTRO;01-01 PALACIO;SANTO DOMINGO, CUESTA, DE;5;Taxi;Línea;3;15;;-3.7096102920;40.4195741400
01.29;439823,4600000000;4474828,0700000000;23-04-2051;01  CENTRO;01-01 PALACIO;ISABEL LA CATOLICA, CALLE, DE;19;Taxi;Línea;4;22,6;;-3.7093581330;40.4219073960
01.40;440311,3900000000;4474504,2800000000;08-02-2051;01  CENTRO;01-06 SOL;SALUD, CALLE, DE LA;9;Taxi;Línea;6;29,5;;-3.7035764160;40.4190257050
01.41;440618,7600000000;4474272,5400000000;24-04-2051;01  CENTRO;01-03 CORTES;ARLABAN, CALLE, DE;4;Taxi;Línea;3;17,1;;-3.6999319460;40.4169601920
01.45 a;440546,3500000000;4475327,2051000000;10-05-2051;01  CENTRO;01-04 JUSTICIA;BARCELO, CALLE, DE;3;Taxi;Línea;9;45;;-3.7008839730;40.4264556500
01.45 b;440622,7205100000;4475359,3600000000;01-07-2051;01  CENTRO;01-04 JUSTICIA;BARCELO, CALLE, DE;9;Taxi;Línea;2;10;LAB. DE 8 A 20 H. EXCEPTO TRANSPORTE URBANO DE MERCANCIAS PERMITIDO TAXIS DE MIERCOLES A DOMINGO DE 20 A 8 H;-3.6999867780;40.4267512390
01.46;440494,3900000000;4473973,0205100000;03-03-2051;01  CENTRO;01-03 CORTES;ANGEL, PLAZA, DEL;8;Taxi;Línea;2;19,9;;-3.7013698410;40.4142528520
01.51;439838,7205100000;4474684,3400000000;14-07-2051;01  CENTRO;01-01 PALACIO;SANTO DOMINGO, PLAZA, DE;9;Taxi;Línea;1;5;;-3.7091645310;40.4206142310
01.52;441211,7400000000;4473311,8500000000;09-02-2051;01  CENTRO;01-02 EMBAJADORES;EMPERADOR CARLOS V, PLAZA, DEL;8;Taxi;Línea;6;30;;-3.6928541410;40.4083481210
01.55;441059,6100000000;4474064,2600000000;28-01-2051;01  CENTRO;01-03 CORTES;CANOVAS DEL CASTILLO, PLAZA, DE;5;Taxi;Línea;4;20;;-3.6947166550;40.4151148670
01.58;440147,7600000000;4474216,2051000000;27-12-2051;01  CENTRO;01-06 SOL;MAYOR, CALLE;5;Taxi;Línea;7;33,2;;-3.7054778910;40.4164188620
01.60;439619,0100000000;4473654,8600000000;17-12-2051;01  CENTRO;01-01 PALACIO;SAN FRANCISCO, CARRERA, DE;2;Taxi;Línea;3;15;;-3.7116565530;40.4113241210
01.64;441017,5205100000;4474823,5000000000;19-09-2051;01  CENTRO;01-04 JUSTICIA;PRIM, CALLE, DE;1;Taxi;Línea;3;15;;-3.6952831960;40.4219519720
01.65;441156,4700000000;4473473,8900000000;02-07-2051;01  CENTRO;01-03 CORTES;ATOCHA, CALLE, DE;123 B;Taxi;Batería;4;11,1;;-3.6935204340;40.4098034340
01.66;440798,8100000000;4473690,6700000000;02-07-2051;01  CENTRO;01-03 CORTES;ATOCHA, CALLE, DE;81;Taxi;Línea;2;17,8;;-3.6977556810;40.4117312070
01.67;440555,2051000000;4473278,5700000000;05-07-2051;01  CENTRO;01-02 EMBAJADORES;VALENCIA, CALLE, DE;1;Taxi;Línea;3;15;;-3.7005882120;40.4080011380
01.68;439754,9500000000;4474453,7205100000;28-07-2051;01  CENTRO;01-01 PALACIO;ARRIETA, CALLE, DE;1;Taxi;Línea;6;34,7;;-3.7101301940;40.4185298670
01.69;439802,8800000000;4474433,0400000000;28-07-2051;01  CENTRO;01-01 PALACIO;ISABEL II, PLAZA, DE;frente al 5;Taxi;Línea;4;20;;-3.7095633670;40.4183473230
01.70 a;439923,8600000000;4473717,6800000000;17-02-2051;01  CENTRO;01-01 PALACIO;TOLEDO, CALLE, DE;50;Taxi;Batería;5;11,1;;-3.7080697800;40.4119118040
01.70 b;439928,8800000000;4473729,7300000000;17-02-2051;01  CENTRO;01-01 PALACIO;TOLEDO, CALLE, DE;50;Taxi;Batería;3;11,3;;-3.7080117400;40.4120512390
01.71;440657,0205100000;4474886,2600000000;05-03-2051;01  CENTRO;01-04 JUSTICIA;HORTALEZA, CALLE, DE;39;Taxi;Línea;2;11;;-3.6995383240;40.4224918130
02.01;440778,7300000000;4472184,9700000000;01-01-2051;02  ARGANZUELA;02-03 CHOPERA;JAIME EL CONQUISTADOR, CALLE, DE;1;Taxi;Línea;3;18;;-3.6978522240;40.3981654580
02.03;439579,9900000000;4473107,9300000000;08-02-2051;02  ARGANZUELA;02-01 IMPERIAL;PUERTA DE TOLEDO, GLORIETA, DE LA;4;Taxi;Batería;2;10;;-3.7120644420;40.4063943350
02.04;439527,4700000000;4473162,2600000000;05-02-2051;02  ARGANZUELA;02-01 IMPERIAL;SEGOVIA, RONDA, DE;52;Taxi;Línea;2;14,3;;-3.7126886800;40.4068800880
02.05;440436,3205100000;4472890,9800000000;01-07-2051;02  ARGANZUELA;02-06 PALOS DE MOGUER;EMBAJADORES, CALLE, DE;57;Taxi;Línea;6;30,8;;-3.7019528830;40.4045016260
02.13;442429,4100000000;4471801,4600000000;26-02-2051;02  ARGANZUELA;02-07 ATOCHA;MENDEZ ALVARO, CALLE, DE;83;Taxi;Línea;77;88;SUPLEMENTO DE TARIFA AUTORIZADO SALIDA ESTACION;-3.6783675340;40.3948266610
02.14;442677,5000000000;4471787,0600000000;01-07-2051;02  ARGANZUELA;02-07 ATOCHA;RETAMA, CALLE, DE LA;S/N;Taxi;Línea;14;68,4;;-3.6754431570;40.3947140740
02.15;441678,3000000000;4472547,7300000000;03-01-2051;02  ARGANZUELA;02-06 PALOS DE MOGUER;CANARIAS, CALLE, DE LAS;S/N;Taxi;Línea;3;15;;-3.6872858510;40.4014970350
02.17;441036,2600000000;4471433,2051000000;20-04-2051;02  ARGANZUELA;02-05 DELICIAS;LEGAZPI, PLAZA, DE;2;Taxi;Batería;10;25;;-3.6947481110;40.3914114880
02.20;442435,7700000000;4471460,8100000000;21-01-2051;02  ARGANZUELA;02-04 LEGAZPI;TITAN, CALLE, DE;S/N;Taxi;Línea;2;10,1;;-3.6782619380;40.3917579560
02.21;441154,1400000000;4472816,3700000000;26-11-2051;02  ARGANZUELA;02-06 PALOS DE MOGUER;DELICIAS, PASEO, DE LAS;35;Taxi;Línea;2;9,5;;-3.6934870880;40.4038799670
02.22;441434,8100000000;4473023,3900000000;15-12-2051;02  ARGANZUELA;02-07 ATOCHA;MENDEZ ALVARO, CALLE, DE;S/N;Taxi;Línea;291;269,6;;-3.6901987680;40.4057655710
02.23;438746,0000000000;4473115,8900000000;02-02-2051;02  ARGANZUELA;02-01 IMPERIAL;VIRGEN DEL PUERTO, PASEO, DE LA;57;Taxi;Línea;3;15;;-3.7218932470;40.4064047630
02.24;441983,3900000000;4472205,9205100000;27-08-2051;02  ARGANZUELA;02-05 DELICIAS;MENDEZ ALVARO, CALLE, DE;44;Taxi;Línea;10;50;DE 8 A 20 HORAS;-3.6836596580;40.3984391600
02.25;441222,9500000000;4473165,2300000000;14-10-2051;02  ARGANZUELA;02-07 ATOCHA;MENDEZ ALVARO, CALLE, DE;1;Taxi;Línea;5;25;;-3.6927084950;40.4070278540
02.26;442314,0600000000;4471400,2051000000;17-01-2051;02  ARGANZUELA;02-04 LEGAZPI;TITAN, CALLE, DE;13;Taxi;Línea;3;15;;-3.6796903790;40.3912038490
02.27;442406,5800000000;4471767,2300000000;26-02-2051;02  ARGANZUELA;02-07 ATOCHA;MENDEZ ALVARO, CALLE, DE;Frente 83;Taxi;Línea;14;70;;-3.6786334430;40.3945166900
 Sin Datos;443170,7300000000;4474376,8400000000;16-09-2051;03  RETIRO;03-04 IBIZA;IBIZA, CALLE, DE;S/N;Taxi;Línea;2;10;;-3.6698630640;40.4180783190
03.07;442659,2300000000;4474412,1300000000;01-01-2051;03  RETIRO;03-04 IBIZA;IBIZA, CALLE, DE;21;Taxi;Línea;4;19,7;;-3.6758951060;40.4183607880
03.09;442546,7300000000;4473952,4100000000;11-12-2051;03  RETIRO;03-06 NIÑO JESÚS;MENENDEZ PELAYO, AVENIDA, DE;65;Taxi;Línea;11;55;;-3.6771794480;40.4142114270
03.10;442658,1500000000;4474727,7000000000;11-12-2051;03  RETIRO;03-04 IBIZA;NARVAEZ, CALLE, DE;29;Taxi;Línea;4;20;;-3.6759361300;40.4212032880
03.11;441258,6300000000;4474184,0700000000;01-01-2051;03  RETIRO;03-05 JERÓNIMOS;LEALTAD, PLAZA, DE LA;S/N;Taxi;Batería;6;29,35;;-3.6923820810;40.4162085860
03.13;442647,2900000000;4473055,7400000000;01-01-2051;03  RETIRO;03-01 PACÍFICO;CAVANILLES, CALLE, DE;21;Taxi;Línea;2;11,2;;-3.6759134410;40.4061406860
03.15;442968,1100000000;4474607,0205100000;14-12-2051;03  RETIRO;03-04 IBIZA;DOCTOR CASTELO, CALLE, DEL;54;Taxi;Línea;8;42,4;;-3.6722717780;40.4205173000
03.16;443352,5100000000;4473848,6100000000;17-01-2051;03  RETIRO;03-03 ESTRELLA;PEZ VOLADOR, CALLE, DEL;13;Taxi;Línea;2;10;;-3.6676732760;40.4133322230
03.18;443210,2600000000;4474446,9700000000;07-06-2051;03  RETIRO;03-04 IBIZA;DOCTOR ESQUERDO, CALLE, DEL;46;Taxi;Línea;8;39,3;;-3.6694033220;40.4187125840
03.22;442997,1205100000;4474732,3600000000;01-07-2051;03  RETIRO;03-04 IBIZA;O'DONNELL, CALLE, DE;48;Taxi;Línea;4;21;;-3.6719412390;40.4212691210
03.25;443237,1205100000;4473802,6600000000;08-05-2051;03  RETIRO;03-03 ESTRELLA;PEZ VOLADOR, CALLE, DEL;3;Taxi;Línea;4;20;;-3.6690292960;40.4129102400
03.26;442911,3205100000;4474549,2051000000;15-04-2051;03  RETIRO;03-04 IBIZA;MAIQUEZ, CALLE, DE;7;Taxi;Línea;3;15;;-3.6729360080;40.4196125860
03.27;442385,7300000000;4474560,1100000000;26-10-2051;03  RETIRO;03-04 IBIZA;MENENDEZ PELAYO, AVENIDA, DE;19;Taxi;Línea;2;11;;-3.6791320310;40.4196747520
03.28;443234,8205100000;4474346,0300000000;11-12-2051;03  RETIRO;03-03 ESTRELLA;DOCTOR ESQUERDO, CALLE, DEL;83;Taxi;Línea;9;45;;-3.6691048110;40.4178052480
03.32;441269,2100000000;4474067,3205100000;02-07-2051;03  RETIRO;03-05 JERÓNIMOS;FELIPE IV, CALLE, DE;1;Taxi;Línea;4;20;DE 10:00 A 20:00 H;-3.6922465770;40.4151577820
03.33;443208,2205100000;4473131,6300000000;16-07-2051;03  RETIRO;03-03 ESTRELLA;MEDITERRANEO, AVENIDA, DEL;43;Taxi;Línea;7;37;;-3.6693099300;40.4068631290
03.35;443203,1300000000;4474598,2051000000;24-07-2051;03  RETIRO;03-04 IBIZA;DOCTOR CASTELO, CALLE, DEL;51;Taxi;Línea;5;25;;-3.6695007830;40.4205147330
03.36;441222,6100000000;4474442,7500000000;21-12-2051;03  RETIRO;03-05 JERÓNIMOS;PRADO, PASEO, DEL;1;Taxi;Línea;4;20;;-3.6928304780;40.4185363420
03.37;442403,1100000000;4474406,7700000000;10-11-2051;03  RETIRO;03-05 JERÓNIMOS;MENENDEZ PELAYO, AVENIDA, DE;10;Taxi;Línea;6;30;VIERNES DESDE LAS 20 H. HASTA EL DOMINGO A LAS 20 H.;-3.6789132190;40.4182951840
 Sin Datos;442241,6100000000;4475978,5205100000;07-02-2051;04  SALAMANCA;04-06 CASTELLANA;CASTELLO, CALLE, DE;87;Taxi;Línea;3;13,5;;-3.6809595370;40.4324426580
04.01;443279,2700000000;4474958,2100000000;08-08-2051;04  SALAMANCA;04-03 FUENTE DEL BERRO;DOCTOR ESQUERDO, CALLE, DEL;47;Taxi;Línea;2;10;;-3.6686356160;40.4233230600
04.02;442583,2100000000;4475141,8600000000;04-12-2051;04  SALAMANCA;04-02 GOYA;GOYA, CALLE, DE;87;Taxi;Línea;8;33,74;;-3.6768568160;40.4249290610
04.03;441863,6600000000;4476310,4300000000;05-06-2051;04  SALAMANCA;04-06 CASTELLANA;CLAUDIO COELLO, CALLE, DE;139;Taxi;Línea;3;15,1;;-3.6854456820;40.4354063960
04.04;442538,8600000000;4475999,2051000000;19-01-2051;04  SALAMANCA;04-05 LISTA;JUAN BRAVO, CALLE, DE;41;Taxi;Línea;9;45;;-3.6774572180;40.4326490940
04.05;442649,3600000000;4475991,1700000000;14-12-2051;04  SALAMANCA;04-05 LISTA;JUAN BRAVO, CALLE, DE;49 A;Taxi;Línea;8;40,9;;-3.6761537390;40.4325852100
04.06;443225,3400000000;4475488,5400000000;16-12-2051;04  SALAMANCA;04-02 GOYA;MANUEL BECERRA, PLAZA, DE;4;Taxi;Línea;4;19,19;;-3.6693185820;40.4280966580
04.07;441507,7600000000;4475231,7100000000;27-03-2051;04  SALAMANCA;04-01 RECOLETOS;GOYA, CALLE, DE;1;Taxi;Línea;4;20;;-3.6895421590;40.4256634210
04.08;442118,2700000000;4475174,5205100000;07-07-2051;04  SALAMANCA;04-01 RECOLETOS;GOYA, CALLE, DE;47;Taxi;Línea;2;10;DE 10:00 A.M A 08:00 A.M.;-3.6823404800;40.4251915330
04.09;442355,7100000000;4475159,1800000000;04-10-2051;04  SALAMANCA;04-02 GOYA;GOYA, CALLE, DE;67;Taxi;Línea;4;20,54;;-3.6795401490;40.4250694360
04.10;442060,4300000000;4475746,4400000000;01-12-2051;04  SALAMANCA;04-06 CASTELLANA;JOSE ORTEGA Y GASSET, CALLE, DE;29;Taxi;Línea;9;45;;-3.6830744970;40.4303391000
04.12;441833,2900000000;4475196,6400000000;17-01-2051;04  SALAMANCA;04-01 RECOLETOS;GOYA, CALLE, DE;25;Taxi;Línea;5;28;;-3.6857017370;40.4253709260
04.13;442051,6900000000;4475181,9900000000;17-01-2051;04  SALAMANCA;04-01 RECOLETOS;GOYA, CALLE, DE;37;Taxi;Línea;7;35;;-3.6835856890;40.4252509490
04.14;442224,7500000000;4475168,8600000000;29-01-2051;04  SALAMANCA;04-01 RECOLETOS;GOYA, CALLE, DE;57;Taxi;Línea;5;25;;-3.6810848430;40.4251481030
04.15 a;442457,9100000000;4475151,9100000000;18-07-2051;04  SALAMANCA;04-02 GOYA;GOYA, CALLE, DE;77;Taxi;Línea;4;20,9;;-3.6783348750;40.4250113380
04.15 b;442482,7100000000;4475149,7205100000;29-01-2051;04  SALAMANCA;04-02 GOYA;GOYA, CALLE, DE;79;Taxi;Línea;4;20,1;;-3.6780422080;40.4249934040
04.17;442051,8100000000;4475486,0100000000;01-01-2051;04  SALAMANCA;04-01 RECOLETOS;VELAZQUEZ, CALLE, DE;58;Taxi;Línea;8;39;;-3.6837770570;40.4279890570
04.19;442724,8700000000;4476198,8300000000;21-01-2051;04  SALAMANCA;04-05 LISTA;DIEGO DE LEON, CALLE, DE;64;Taxi;Línea;4;20,7;;-3.6752822710;40.4344605580
04.20;441575,2100000000;4475688,5400000000;01-01-2051;04  SALAMANCA;04-06 CASTELLANA;CASTELLANA, PASEO, DE LA;22;Taxi;Línea;8;41,9;;-3.6887890060;40.4297838470
04.22;443105,3205100000;4475105,4800000000;01-01-2051;04  SALAMANCA;04-02 GOYA;GOYA, CALLE, DE;127;Taxi;Línea;3;16,21;;-3.6706991240;40.4246374830
04.23;442754,1400000000;4475111,0700000000;18-10-2051;04  SALAMANCA;04-02 GOYA;GOYA, CALLE, DE;76;Taxi;Línea;4;26;;-3.6748392051;40.4246636670
04.25 a;441648,8000000000;4476052,7400000000;24-10-2051;04  SALAMANCA;04-06 CASTELLANA;CASTELLANA, PASEO, DE LA;40;Taxi;Línea;6;30;;-3.6879550660;40.4330697030
04.25 b;441642,4100000000;4476015,9000000000;05-03-2051;04  SALAMANCA;04-06 CASTELLANA;CASTELLANA, PASEO, DE LA;38;Taxi;Línea;5;20;;-3.6880269720;40.4327380750
04.27 a;443795,3000000000;4475830,2500000000;14-05-2051;04  SALAMANCA;04-04 GUINDALERA;ALCALA, CALLE, DE;237;Taxi;Línea;8;40,1;Días de espectáculo;-3.6626300450;40.4312135490
04.27 b;443851,8205100000;4475886,8600000000;16-05-2051;04  SALAMANCA;04-04 GUINDALERA;ALCALA, CALLE, DE;237;Taxi;Línea;28;140,6;Días de espectáculo taxi de 20:00 a 22:00;-3.6619686790;40.4317272630
04.29;441521,2800000000;4475329,4900000000;25-09-2051;04  SALAMANCA;04-01 RECOLETOS;HERMOSILLA, CALLE, DE;2;Taxi;Línea;1;5;;-3.6893917570;40.4265453750
04.35;443736,6100000000;4476637,3900000000;12-07-2051;04  SALAMANCA;04-04 GUINDALERA;BRUSELAS, AVENIDA, DE;51;Taxi;Batería;3;7,1;;-3.6633933960;40.4384810600
04.36;443682,8800000000;4476305,2051000000;31-03-2051;04  SALAMANCA;04-04 GUINDALERA;BIARRITZ, CALLE, DE;1;Taxi;Línea;3;18,3;;-3.6639973510;40.4354840900
04.37;443099,4800000000;4475238,5300000000;21-10-2051;04  SALAMANCA;04-02 GOYA;FUENTE DEL BERRO, CALLE, DE LA;19;Taxi;Línea;3;15;;-3.6707799680;40.4258354800
04.43;441978,8100000000;4474861,4205100000;02-12-2051;04  SALAMANCA;04-01 RECOLETOS;VILLANUEVA, CALLE, DE;25;Taxi;Línea;5;25,3;;-3.6839558200;40.4223610640
04.44;442963,0900000000;4476593,2205100000;07-07-2051;04  SALAMANCA;04-04 GUINDALERA;CARTAGENA, CALLE, DE;83;Taxi;Línea;3;15,1;;-3.6725092690;40.4380300850
04.46;443005,0205100000;4474840,8000000000;16-01-2051;04  SALAMANCA;04-02 GOYA;DUQUE DE SESTO, CALLE, DEL;56;Taxi;Línea;2;10,9;;-3.6718577590;40.4222461860
04.50;443556,2205100000;4476977,1600000000;24-05-2051;04  SALAMANCA;04-04 GUINDALERA;AMERICA, AVENIDA, DE;S/N;Taxi;Línea;5;25;Lunes a viernes de 08:00 a 19:00 ;-3.6655502960;40.4415291950
04.52;441496,4300000000;4475309,0700000000;17-01-2051;04  SALAMANCA;04-01 RECOLETOS;CASTELLANA, PASEO, DE LA;2;Taxi;Línea;7;35;;-3.6896827630;40.4263597370
04.53;442948,5500000000;4476695,8900000000;19-01-2051;04  SALAMANCA;04-04 GUINDALERA;AMERICA, AVENIDA, DE;32;Taxi;Línea;2;10;;-3.6726899230;40.4389540370
04.55;442691,4700000000;4476616,9205100000;02-01-2051;04  SALAMANCA;04-04 GUINDALERA;AMERICA, AVENIDA, DE;10;Taxi;Línea;5;25,3;;-3.6757137650;40.4382247190
04.56;442690,0600000000;4476088,8800000000;16-07-2051;04  SALAMANCA;04-05 LISTA;MALDONADO, CALLE, DE;52;Taxi;Línea;3;15;;-3.6756828250;40.4334678510
04.57;441753,5000000000;4475946,0000000000;15-01-2051;04  SALAMANCA;04-06 CASTELLANA;SERRANO, CALLE, DE;88;Taxi;Línea;4;20;;-3.6867109450;40.4321156710
04.59;441703,1000000000;4475513,1205100000;14-01-2051;04  SALAMANCA;04-01 RECOLETOS;SERRANO, CALLE, DE;54;Taxi;Línea;7;34;;-3.6872654540;40.4282125100
04.60;441680,4600000000;4475360,5500000000;14-01-2051;04  SALAMANCA;04-01 RECOLETOS;SERRANO, CALLE, DE;44;Taxi;Línea;8;36;;-3.6875183000;40.4268366090
04.61;441664,6900000000;4475255,6100000000;14-01-2051;04  SALAMANCA;04-01 RECOLETOS;SERRANO, CALLE, DE;38;Taxi;Línea;7;35;;-3.6876945990;40.4258906560
04.63;441587,7300000000;4474690,3600000000;14-01-2051;04  SALAMANCA;04-01 RECOLETOS;SERRANO, CALLE, DE;2;Taxi;Línea;5;25;;-3.6885498530;40.4207931080
04.64;441732,3100000000;4475707,3600000000;22-10-2051;04  SALAMANCA;04-06 CASTELLANA;SERRANO, CALLE, DE;70;Taxi;Línea;11;60;;-3.6869389820;40.4299644430
04.65;442749,7900000000;4475130,6300000000;18-10-2051;04  SALAMANCA;04-02 GOYA;GOYA, CALLE, DE;91;Taxi;Línea;3;13,9;;-3.6748922580;40.4248400810
04.66;441595,4300000000;4476422,3500000000;18-11-2051;04  SALAMANCA;04-06 CASTELLANA;LOPEZ DE HOYOS, CALLE, DE;4;Taxi;Línea;3;15;;-3.6886181500;40.4363962380
04.67;442104,7800000000;4475176,6400000000;07-07-2051;04  SALAMANCA;04-01 RECOLETOS;GOYA, CALLE, DE;45;Taxi;Línea;3;15;;-3.6824995910;40.4252097530
 Sin Datos;442276,8900000000;4476805,2400000000;22-10-2051;05  CHAMARTÍN;05-01 EL VISO;EDISON, CALLE, DE;4;Taxi;Línea;4;19,7;;-3.6806187990;40.4398924840
05.01;441663,4800000000;4477933,2100000000;01-01-2051;05  CHAMARTÍN;05-01 EL VISO;LA HABANA, PASEO, DE;15;Taxi;Línea;6;31,1;;-3.6879546070;40.4500114340
05.03;442232,8600000000;4478160,2900000000;01-01-2051;05  CHAMARTÍN;05-04 HISPANOAMÉRICA;SERRANO, CALLE, DE;199;Taxi;Línea;4;25,1;;-3.6812610850;40.4520963710
05.04;441480,5100000000;4478118,1300000000;26-05-2051;05  CHAMARTÍN;05-01 EL VISO;CASTELLANA, PASEO, DE LA;138;Taxi;Línea;3;22;;-3.6901292110;40.4516645320
05.05 a;441799,5700000000;4478111,9000000000;31-01-2051;05  CHAMARTÍN;05-01 EL VISO;SAGRADOS CORAZONES, PLAZA, DE LOS;1;Taxi;Línea;4;20,02;;-3.6863662540;40.4516306700
05.05 b;441776,3500000000;4478126,7700000000;31-01-2051;05  CHAMARTÍN;05-01 EL VISO;CONCHA ESPINA, AVENIDA, DE;16;Taxi;Línea;5;24,2;;-3.6866413880;40.4517626230
05.06 a;441672,4100000000;4479113,8700000000;01-07-2051;05  CHAMARTÍN;05-05 NUEVA ESPAÑA;DOCTOR FLEMING, CALLE, DEL;29;Taxi;Línea;2;9,1;;-3.6879578730;40.4606481090
05.06 b;441657,2600000000;4479102,1100000000;14-01-2051;05  CHAMARTÍN;05-05 NUEVA ESPAÑA;JUAN HURTADO DE MENDOZA, CALLE, DE;7;Taxi;Batería;4;8,6;;-3.6881354900;40.4605406230
05.07;443210,9600000000;4477114,8800000000;11-04-2051;05  CHAMARTÍN;05-02 PROSPERIDAD;CLARA DEL REY, CALLE, DE;26;Taxi;Línea;5;23,3;;-3.6696334800;40.4427466730
05.08;442451,6300000000;4476946,1500000000;14-09-2051;05  CHAMARTÍN;05-02 PROSPERIDAD;PRINCIPE DE VERGARA, CALLE, DEL;122;Taxi;Línea;2;24,5;;-3.6785713350;40.4411741910
05.15;441860,3400000000;4478842,0100000000;10-12-2051;05  CHAMARTÍN;05-04 HISPANOAMÉRICA;PADRE DAMIAN, CALLE, DEL;23;Taxi;Línea;3;15;;-3.6857164620;40.4582116060
05.16;442591,9400000000;4478857,2051000000;01-01-2051;05  CHAMARTÍN;05-04 HISPANOAMÉRICA;REPUBLICA DOMINICANA, PLAZA, DE LA;1;Taxi;Línea;4;21;;-3.6770897230;40.4583999380
05.17;443022,0400000000;4478665,1700000000;19-05-2051;05  CHAMARTÍN;05-04 HISPANOAMÉRICA;VICTOR DE LA SERNA, CALLE, DE;37;Taxi;Línea;4;20;;-3.6720519670;40.4566996850
05.18;442396,9900000000;4478345,0700000000;01-07-2051;05  CHAMARTÍN;05-04 HISPANOAMÉRICA;SERRANO, CALLE, DE;211;Taxi;Línea;4;20;;-3.6793423640;40.4537729600
05.19;441926,2900000000;4480246,3100000000;01-01-2051;05  CHAMARTÍN;05-06 CASTILLA;AGUSTIN DE FOXA, CALLE, DE;27;Taxi;Línea;5;25;;-3.6850671860;40.4708667540
05.22 a;441518,5600000000;4478585,8100000000;02-02-2051;05  CHAMARTÍN;05-04 HISPANOAMÉRICA;CASTELLANA, PASEO, DE LA;152;Taxi;Línea;3;5,4;;-3.6897236140;40.4558801840
05.22 b;441517,5300000000;4478571,9205100000;02-02-2051;05  CHAMARTÍN;05-04 HISPANOAMÉRICA;CASTELLANA, PASEO, DE LA;150;Taxi;Línea;2;13,1;;-3.6897344430;40.4557551640
05.23;443186,3000000000;4479387,5800000000;02-12-2051;05  CHAMARTÍN;05-05 NUEVA ESPAÑA;DRACENA, CALLE, DE LA;S/N;Taxi;Línea;11;53,4;;-3.6701274840;40.4632182260
05.25;442186,1400000000;4480392,1300000000;26-12-2051;05  CHAMARTÍN;05-06 CASTILLA;HIEDRA, CALLE, DE LA;S/N;Taxi;Línea;45;225;SUPLEMENTO DE TARIFA AUTORIZADO SALIDA DE ESTACION;-3.6820513840;40.4721988810
05.26;441420,7400000000;4477458,5900000000;29-01-2051;05  CHAMARTÍN;05-01 EL VISO;CASTELLANA, PASEO, DE LA;108;Taxi;Línea;8;40;;-3.6907731590;40.4457186630
05.28;442193,8100000000;4478573,9500000000;22-11-2051;05  CHAMARTÍN;05-04 HISPANOAMÉRICA;LA HABANA, PASEO, DE;73;Taxi;Línea;3;12,5;;-3.6817592720;40.4558205160
05.29;443514,9700000000;4477246,6900000000;14-01-2051;05  CHAMARTÍN;05-02 PROSPERIDAD;SANTA HORTENSIA, CALLE, DE;26;Taxi;Batería;7;21;;-3.6660605720;40.4439540670
05.31;442996,3205100000;4479836,3205100000;21-07-2051;05  CHAMARTÍN;05-06 CASTILLA;JOSE BARDASANO BAOS, CALLE, DE;8;Taxi;Línea;3;14,9;;-3.6724086580;40.4672481820
05.32;442647,4100000000;4477777,2900000000;30-10-2051;05  CHAMARTÍN;05-03 CIUDAD JARDÍN;PRADILLO, CALLE, DE;2;Taxi;Línea;6;30;;-3.6763380030;40.4486751250
05.37;443293,9205100000;4477904,7500000000;30-10-2051;05  CHAMARTÍN;05-03 CIUDAD JARDÍN;PRADILLO, CALLE, DE;60;Taxi;Línea;5;28;Dias laborables de 8 a 20 h.;-3.6687258000;40.4498675650
05.39;441664,1600000000;4479911,0700000000;05-06-2051;05  CHAMARTÍN;05-06 CASTILLA;AGUSTIN DE FOXA, CALLE, DE;5;Taxi;Línea;4;21;;-3.6881284430;40.4678281870
05.42;442714,2400000000;4480550,3205100000;11-01-2051;05  CHAMARTÍN;05-06 CASTILLA;BURGOS, AVENIDA, DE;12;Taxi;Línea;5;24,94;EXCEPTO SABADOS Y FESTIVOS;-3.6758001670;40.4736603820
05.44;442591,4100000000;4478749,6600000000;22-10-2051;05  CHAMARTÍN;05-04 HISPANOAMÉRICA;PRINCIPE DE VERGARA, CALLE, DEL;267;Taxi;Línea;4;22,4;;-3.6770862850;40.4574303780
05.46;443238,2300000000;4476899,3500000000;05-10-2051;05  CHAMARTÍN;05-02 PROSPERIDAD;AMERICA, AVENIDA, DE;43;Taxi;Línea;4;20;;-3.6692926270;40.4408070390
05.47 a;442598,0300000000;4476602,0600000000;02-01-2051;05  CHAMARTÍN;05-02 PROSPERIDAD;AMERICA, AVENIDA, DE;9 A;Taxi;Línea;22;85,5;SUPLEMENTO DE TARIFA AUTORIZADO SALIDA DE ESTACIÓN;-3.6768140160;40.4380848600
05.47 b;442641,5100000000;4476638,3000000000;02-01-2051;05  CHAMARTÍN;05-02 PROSPERIDAD;AMERICA, AVENIDA, DE;13;Taxi;Línea;3;16;SUPLEMENTO DE TARIFA AUTORIZADO SALIDA DE ESTACIÓN;-3.6763047140;40.4384136230
05.48;441609,9800000000;4479765,4400000000;06-04-2051;05  CHAMARTÍN;05-06 CASTILLA;CASTILLA, PLAZA, DE;8;Taxi;Línea;3;15;;-3.6887539980;40.4665130200
05.49;441851,3000000000;4480877,9205100000;09-06-2051;05  CHAMARTÍN;05-06 CASTILLA;MANUEL CALDEIRO, CALLE, DE;Fte 1;Taxi;Batería;5;15;;-3.6860097590;40.4765514700
05.50;441557,1600000000;4479645,0500000000;30-11-2051;05  CHAMARTÍN;05-05 NUEVA ESPAÑA;CASTILLA, PLAZA, DE;9;Taxi;Línea;6;33;;-3.6893659170;40.4654246870
05.51;443677,2800000000;4478565,5800000000;21-09-2051;05  CHAMARTÍN;05-04 HISPANOAMÉRICA;EUCALIPTO, CALLE, DEL;31;Taxi;Línea;3;16,5;;-3.6642637760;40.4558468380
05.52;441578,6700000000;4479312,6300000000;15-03-2051;05  CHAMARTÍN;05-05 NUEVA ESPAÑA;CASTELLANA, PASEO, DE LA;200;Taxi;Línea;4;19,6;;-3.6890816150;40.4624314410
05.53;442486,6205100000;4477633,6700000000;29-09-2051;05  CHAMARTÍN;05-01 EL VISO;PRINCIPE DE VERGARA, CALLE, DEL;187;Taxi;Línea;4;19,9;;-3.6782210280;40.4473700990
05.54;441832,2900000000;4478898,1700000000;01-01-2051;05  CHAMARTÍN;05-04 HISPANOAMÉRICA;ALBERTO ALCOCER, AVENIDA, DE;12 B;Taxi;Línea;8;40,4;;-3.6860523870;40.4587156950
05.55;442762,4800000000;4477246,8600000000;15-09-2051;05  CHAMARTÍN;05-03 CIUDAD JARDÍN;SUERO DE QUIÑONES, CALLE, DE;S/N;Taxi;Línea;4;20,5;;-3.6749332820;40.4439047930
06.05;441502,2700000000;4479718,3900000000;18-02-2051;06  TETUÁN;06-04 ALMENARA;BRAVO MURILLO, CALLE, DE;379;Taxi;Línea;5;25,1;;-3.6900205160;40.4660815830
06.06 a;441349,8700000000;4477652,2051000000;06-11-2051;06  TETUÁN;06-02 CUATRO CAMINOS;CASTELLANA, PASEO, DE LA;69;Taxi;Línea;10;50,8;;-3.6916266940;40.4474576470
06.06 b;441353,7205100000;4477698,4900000000;29-01-2051;06  TETUÁN;06-02 CUATRO CAMINOS;CASTELLANA, PASEO, DE LA;S/N;Taxi;Línea;10;59;Lunes a Viernes;-3.6915856130;40.4478745310
06.07;440796,6500000000;4478011,1205100000;01-01-2051;06  TETUÁN;06-02 CUATRO CAMINOS;AVIADOR ZORITA, CALLE, DEL;38;Taxi;Línea;7;35;;-3.6981835080;40.4506518290
06.09;441339,3900000000;4479170,9205100000;01-01-2051;06  TETUÁN;06-03 CASTILLEJOS;POETA JOAN MARAGALL, CALLE, DEL;46;Taxi;Línea;12;60;;-3.6918905980;40.4611379310
06.10;441226,8300000000;4477617,6300000000;21-09-2051;06  TETUÁN;06-02 CUATRO CAMINOS;CASTELLANA, PASEO, DE LA;73;Taxi;Línea;15;75;;-3.6930743290;40.4471372490
06.11;441114,1700000000;4478886,4300000000;01-01-2051;06  TETUÁN;06-03 CASTILLEJOS;ORENSE, CALLE, DE;69;Taxi;Línea;3;15;;-3.6945204740;40.4585590480
06.12;441108,8700000000;4478060,3700000000;03-03-2051;06  TETUÁN;06-02 CUATRO CAMINOS;CARLOS TRIAS BERTRAN, PLAZA, DE;8;Taxi;Línea;4;19;;-3.6945063220;40.4511177010
06.13 a;441021,4600000000;4477730,0700000000;01-07-2051;06  TETUÁN;06-02 CUATRO CAMINOS;ORENSE, CALLE, DE;11;Taxi;Línea;2;10;;-3.6955064770;40.4481361440
06.13 b;441022,8400000000;4477750,0205100000;01-07-2051;06  TETUÁN;06-02 CUATRO CAMINOS;ORENSE, CALLE, DE;11;Taxi;Línea;4;20;;-3.6954920390;40.4483153080
06.13 c;441024,4100000000;4477770,7600000000;28-01-2051;06  TETUÁN;06-02 CUATRO CAMINOS;ORENSE, CALLE, DE;13;Taxi;Línea;4;20;Laborables de 9 a 14 h.;-3.6954754230;40.4485026070
06.15;441125,5300000000;4478514,1600000000;01-01-2051;06  TETUÁN;06-02 CUATRO CAMINOS;PEDRO TEIXEIRA, CALLE, DE;5;Taxi;Batería;4;10;;-3.6943520250;40.4552068440
06.16;441383,5000000000;4478062,4900000000;05-02-2051;06  TETUÁN;06-02 CUATRO CAMINOS;CASTELLANA, PASEO, DE LA;S/N;Taxi;Línea;9;40;;-3.6912680790;40.4511564330
06.17 a;441335,0700000000;4478162,4000000000;01-07-2051;06  TETUÁN;06-02 CUATRO CAMINOS;GENERAL PERON, AVENIDA, DEL;S/N;Taxi;Línea;9;47,8;;-3.6918483710;40.4520525970
06.17 b;441287,6800000000;4478166,2900000000;25-05-2051;06  TETUÁN;06-02 CUATRO CAMINOS;GENERAL PERON, AVENIDA, DEL;S/N;Taxi;Línea;6;31,1;;-3.6924076930;40.4520841670
06.17 c;441258,1600000000;4478168,7800000000;28-01-2051;06  TETUÁN;06-02 CUATRO CAMINOS;GENERAL PERON, AVENIDA, DEL;S/N;Taxi;Línea;2;13,2;;-3.6927559360;40.4521043920
06.17 d;441200,8000000000;4478173,4300000000;29-01-2051;06  TETUÁN;06-02 CUATRO CAMINOS;GENERAL PERON, AVENIDA, DEL;36;Taxi;Línea;7;36,4;Lunes a Viernes;-3.6934328290;40.4521426080
06.19;439933,2051000000;4478276,4000000000;23-04-2051;06  TETUÁN;06-01 BELLAS VISTAS;JERONIMA LLORENTE, CALLE, DE;69;Taxi;Línea;3;13;;-3.7083905220;40.4529797000
06.24;440784,2100000000;4478826,7300000000;21-03-2051;06  TETUÁN;06-03 CASTILLEJOS;HUESCA, CALLE, DE;21;Taxi;Línea;2;8,6;DE LUNES A VIERNES LABORABLES DE 8.00 A 20.00 H;-3.6984063310;40.4579981220
06.26 a;441048,0000000000;4478065,4000000000;28-01-2051;06  TETUÁN;06-02 CUATRO CAMINOS;ORENSE, CALLE, DE;25;Taxi;Línea;2;11,2;;-3.6952245820;40.4511588970
06.26 b;441049,3400000000;4478081,0000000000;28-01-2051;06  TETUÁN;06-02 CUATRO CAMINOS;ORENSE, CALLE, DE;25;Taxi;Línea;4;20;LABORABLES DE 9 a 14;-3.6952103160;40.4512996150
06.30;441006,9600000000;4477585,6400000000;05-02-2051;06  TETUÁN;06-02 CUATRO CAMINOS;ORENSE, CALLE, DE;1;Taxi;Línea;5;25,1;;-3.6956639840;40.4468338110
06.31;439836,0000000000;4477889,8400000000;29-01-2051;06  TETUÁN;06-01 BELLAS VISTAS;ALMANSA, CALLE, DE;68;Taxi;Línea;1;5,1;;-3.7095001120;40.4494901570
06.32;441368,8100000000;4479571,6600000000;16-05-2051;06  TETUÁN;06-03 CASTILLEJOS;POETA JOAN MARAGALL, CALLE, DEL;59;Taxi;Batería;3;7,8;;-3.6915806280;40.4647499140
06.34;441436,0700000000;4478912,1300000000;01-06-2051;06  TETUÁN;06-03 CASTILLEJOS;CASTELLANA, PASEO, DE LA;133;Taxi;Batería;6;17,5;;-3.6907265200;40.4588141860
06.35;441368,8300000000;4477882,9400000000;05-02-2051;06  TETUÁN;06-02 CUATRO CAMINOS;CASTELLANA, PASEO, DE LA;S/N;Taxi;Línea;10;44,1;Lunes a viernes;-3.6914244400;40.4495375410
06.36;441050,6300000000;4477845,4300000000;29-01-2051;06  TETUÁN;06-02 CUATRO CAMINOS;ORENSE, CALLE, DE;12;Taxi;Línea;5;23,7;;-3.6951731880;40.4491772650
06.37;441149,3900000000;4479034,8500000000;06-02-2051;06  TETUÁN;06-03 CASTILLEJOS;ORENSE, CALLE, DE;60;Taxi;Batería;5;12,5;;-3.6941188880;40.4598987380
06.38;441145,8400000000;4479349,4300000000;15-12-2051;06  TETUÁN;06-03 CASTILLEJOS;INFANTA MERCEDES, CALLE, DE LA;88;Taxi;Batería;4;10;;-3.6941899350;40.4627323580
 Sin Datos;439491,9100000000;4476722,6000000000;10-06-2051;07  CHAMBERÍ;07-01 GAZTAMBIDE;CEA BERMUDEZ, CALLE, DE;45;Taxi;Línea;2;6,5;;-3.7134465310;40.4389503120
 Sin Datos;440574,4600000000;4475882,7500000000;01-01-2051;07  CHAMBERÍ;07-03 TRAFALGAR;TRAFALGAR, CALLE, DE;9;Taxi;Línea;3;15;EXCEPTO GESTION ADMINISTRATIVA AUTO-TAXI LABORABLES DE 8 A 15 H;-3.7006045410;40.4314623840
 Sin Datos;440660,5205100000;4476526,8400000000;23-10-2051;07  CHAMBERÍ;07-04 ALMAGRO;SANTA ENGRACIA, CALLE, DE;80;Taxi;Línea;6;28,9;EXCEPTO GESTION ADMINISTRATIVAAUTO-TAXI LABORABLES DE 8 A 19 H.;-3.6996502230;40.4372705150
 Sin Datos;440677,4700000000;4476577,7205100000;01-01-2051;07  CHAMBERÍ;07-04 ALMAGRO;PONZANO, CALLE, DE;7;Taxi;Línea;3;12,86;RESERVADO SERVICIO RADIOTAXI;-3.6994551310;40.4377307140
07.02;439887,7400000000;4476694,8700000000;01-01-2051;07  CHAMBERÍ;07-02 ARAPILES;CEA BERMUDEZ, CALLE, DE;15;Taxi;Línea;4;20;;-3.7087769820;40.4387290360
07.03;440402,1100000000;4475663,2400000000;06-09-2051;07  CHAMBERÍ;07-03 TRAFALGAR;FUENCARRAL, CALLE, DE;109;Taxi;Línea;3;15;EXCEPTO SÁBADOS, DOMINGOS Y FESTIVOS DE 9 A 21 H.;-3.7026157950;40.4294729600
07.03;440402,1100000000;4475663,2400000000;06-09-2051;07  CHAMBERÍ;07-03 TRAFALGAR;FUENCARRAL, CALLE, DE;109;Taxi;Línea;3;15;;-3.7026157950;40.4294729600
07.06 a;440943,1600000000;4476511,4700000000;01-01-2051;07  CHAMBERÍ;07-04 ALMAGRO;MODESTO LAFUENTE, CALLE, DE;14;Taxi;Línea;3;15,1;;-3.6963164680;40.4371526000
07.06 b;440944,4300000000;4476532,8900000000;02-03-2051;07  CHAMBERÍ;07-04 ALMAGRO;MODESTO LAFUENTE, CALLE, DE;16 B;Taxi;Línea;4;18,8;De Lunes a Viernes de 8 a 16 h.;-3.6963034040;40.4373458010
07.09;440763,9205100000;4476204,7700000000;01-01-2051;07  CHAMBERÍ;07-04 ALMAGRO;SANTA ENGRACIA, CALLE, DE;54;Taxi;Línea;4;20,99;;-3.6984010030;40.4343769630
07.10 a;441429,8100000000;4476496,1400000000;26-09-2051;07  CHAMBERÍ;07-04 ALMAGRO;CASTELLANA, PASEO, DE LA;51;Taxi;Línea;5;25;;-3.6905775510;40.4370488370
07.10 a;441446,6500000000;4476463,9800000000;01-01-2051;07  CHAMBERÍ;07-04 ALMAGRO;CASTELLANA, PASEO, DE LA;51;Taxi;Línea;8;40,1;;-3.6903760410;40.4367608690
07.12;440324,8205100000;4475911,7900000000;06-09-2051;07  CHAMBERÍ;07-03 TRAFALGAR;FUENCARRAL, CALLE, DE;131;Taxi;Línea;3;16,5;EXCEPTO SÁBADOS, DOMINGOS Y FESTIVOS DE 9 A 21 H.;-3.7035502890;40.4317062350
07.15;440257,6600000000;4476414,7700000000;01-12-2051;07  CHAMBERÍ;07-02 ARAPILES;BRAVO MURILLO, CALLE, DE;27;Taxi;Línea;2;14,61;;-3.7043893290;40.4362322051
07.17;439589,6500000000;4477504,8100000000;01-01-2051;07  CHAMBERÍ;07-06 VALLEHERMOSO;GUZMAN EL BUENO, CALLE, DE;139;Taxi;Línea;5;25;;-3.7123684530;40.4460038810
07.20;439395,5900000000;4477466,8500000000;06-06-2051;07  CHAMBERÍ;07-06 VALLEHERMOSO;REINA VICTORIA, AVENIDA, DE LA;S/N;Taxi;Línea;4;18,4;;-3.7146531230;40.4456475010
07.23 a;440874,0700000000;4477036,2205100000;28-07-2051;07  CHAMBERÍ;07-05 RÍOS ROSAS;RIOS ROSAS, CALLE, DE;45;Taxi;Línea;4;22,22;;-3.6971797430;40.4418749750
07.23 b;440903,3500000000;4477034,1100000000;05-02-2051;07  CHAMBERÍ;07-05 RÍOS ROSAS;RIOS ROSAS, CALLE, DE;49;Taxi;Línea;4;23;;-3.6968344220;40.4418581300
07.24;440250,4000000000;4476181,7000000000;01-01-2051;07  CHAMBERÍ;07-02 ARAPILES;BRAVO MURILLO, CALLE, DE;1;Taxi;Línea;3;15;;-3.7044529840;40.4341327690
07.31;440036,3600000000;4475849,1600000000;13-05-2051;07  CHAMBERÍ;07-02 ARAPILES;CONDE DEL VALLE DE SUCHIL, PLAZA, DEL;14;Taxi;Línea;3;15;;-3.7069449500;40.4311214170
07.32;440872,1600000000;4475881,6100000000;10-04-2051;07  CHAMBERÍ;07-04 ALMAGRO;SANTA ENGRACIA, CALLE, DE;32;Taxi;Línea;5;26,5;;-3.6970948880;40.4314739010
07.33;440165,0400000000;4475703,8100000000;01-11-2051;07  CHAMBERÍ;07-03 TRAFALGAR;RUIZ JIMENEZ, GLORIETA, DE;4;Taxi;Línea;4;22,2;;-3.7054142360;40.4298208600
07.34;439979,5300000000;4475846,8300000000;13-05-2051;07  CHAMBERÍ;07-02 ARAPILES;CONDE DEL VALLE DE SUCHIL, PLAZA, DEL;7;Taxi;Línea;3;16,7;;-3.7076146230;40.4310960350
07.39;441181,7400000000;4475817,4700000000;28-07-2051;07  CHAMBERÍ;07-04 ALMAGRO;ZURBANO, CALLE, DE;36;Taxi;Línea;3;15;;-3.6934394180;40.4309179600
07.40;441204,1600000000;4475914,6100000000;10-11-2051;07  CHAMBERÍ;07-04 ALMAGRO;GENERAL ARRANDO, CALLE, DEL;17;Taxi;Línea;3;17,6;Laborables de Lunes a Jueves de 8.30 a 17.30 h.;-3.6931840500;40.4317945850
07.41;441236,1400000000;4476705,0300000000;18-07-2051;07  CHAMBERÍ;07-05 RÍOS ROSAS;ZURBANO, CALLE, DE;81;Taxi;Línea;2;13;;-3.6928802110;40.4389174250
07.42;441025,9400000000;4476641,2051000000;04-08-2051;07  CHAMBERÍ;07-05 RÍOS ROSAS;JOSE ABASCAL, CALLE, DE;47;Taxi;Línea;2;11,3;;-3.6953524660;40.4383273350
07.43;441350,5500000000;4476722,8700000000;14-12-2051;07  CHAMBERÍ;07-05 RÍOS ROSAS;CASTELLANA, PASEO, DE LA;59;Taxi;Línea;3;15,2;;-3.6915328430;40.4390854730
07.47;440338,6100000000;4477486,5500000000;25-10-2051;07  CHAMBERÍ;07-05 RÍOS ROSAS;SANTA ENGRACIA, CALLE, DE;177;Taxi;Línea;2;10,6;;-3.7035355640;40.4458931280
07.48;441560,6205100000;4475995,0400000000;22-06-2051;07  CHAMBERÍ;07-04 ALMAGRO;CASTELLANA, PASEO, DE LA;33;Taxi;Línea;2;10;;-3.6889891970;40.4325440710
07.50;439444,5500000000;4477294,9100000000;05-02-2051;07  CHAMBERÍ;07-06 VALLEHERMOSO;MAESTRO ÁNGEL LLORCA, CALLE, DEL;8;Taxi;Línea;8;35,6;;-3.7140593670;40.4441026930
07.51;439277,0700000000;4477471,5700000000;05-02-2051;07  CHAMBERÍ;07-06 VALLEHERMOSO;LOMA, CALLE, DE LA;9;Taxi;Línea;1;7;;-3.7160509680;40.4456814780
07.52;439179,8000000000;4477496,9400000000;26-01-2051;07  CHAMBERÍ;07-06 VALLEHERMOSO;GRANJA, CALLE, DE LA;10;Taxi;Línea;3;15;;-3.7172051210;40.4459035560
 Sin Datos;439371,4300000000;4482300,1400000000;10-05-2051;08  FUENCARRAL-EL PARDO;08-07 MIRASIERRA;COLLADO DE CERRO MALEJO, CALLE, DEL;S/N;Taxi;Línea;5;25;;-3.7153997440;40.4891862780
 Sin Datos;440553,4300000000;4482918,2700000000;23-12-2051;08  FUENCARRAL-EL PARDO;08-07 MIRASIERRA;COSTA BRAVA, CALLE, DE LA;S/N;Taxi;Línea;2;12;;-3.7015114760;40.4948394230
 Sin Datos;441384,8400000000;4484590,6500000000;14-12-2051;08  FUENCARRAL-EL PARDO;08-08 EL GOLOSO;MONASTERIO DE SILOS, AVENIDA, DEL;83 B;Taxi;Línea;2;10;;-3.6918557050;40.5099643060
08.02 a;441773,0700000000;4482657,9800000000;01-01-2051;08  FUENCARRAL-EL PARDO;08-06 VALVERDE;ISLAS JARVI, CALLE, DE LAS;2;Taxi;Línea;2;12,7;De lunes a viernes de 8 a 20 h.;-3.6870960300;40.4925819690
08.02 b;441782,5900000000;4482643,5400000000;29-03-2051;08  FUENCARRAL-EL PARDO;08-06 VALVERDE;ISLAS JARVI, CALLE, DE LAS;3;Taxi;Línea;2;9,5;En linea;-3.6869823550;40.4924521370
08.03;441116,6300000000;4482144,9900000000;23-03-2051;08  FUENCARRAL-EL PARDO;08-06 VALVERDE;SAN MODESTO, CALLE, DE;50;Taxi;Línea;21;106,2;;-3.6947940040;40.4879136240
08.04 a;440024,7205100000;4481757,8400000000;01-07-2051;08  FUENCARRAL-EL PARDO;08-04 EL PILAR;GINZO DE LIMIA, CALLE, DE;49;Taxi;Línea;5;23,2;;-3.7076404630;40.4843478780
08.04 b;440048,1600000000;4481737,0700000000;01-07-2051;08  FUENCARRAL-EL PARDO;08-04 EL PILAR;GINZO DE LIMIA, CALLE, DE;S/N;Taxi;Línea;5;24,4;;-3.7073618910;40.4841628700
08.05;439607,0400000000;4480408,1000000000;26-03-2051;08  FUENCARRAL-EL PARDO;08-04 EL PILAR;BETANZOS, AVENIDA, DE;5;Taxi;Línea;3;17;;-3.7124395580;40.4721587740
08.07;441812,9205100000;4481246,5205100000;01-07-2051;08  FUENCARRAL-EL PARDO;08-05 LA PAZ;ARZOBISPO MORCILLO, CALLE, DEL;S/N;Taxi;Línea;6;29,1;;-3.6864963150;40.4798690100
08.08;438630,7800000000;4481334,8500000000;04-01-2051;08  FUENCARRAL-EL PARDO;08-03 PEÑAGRANDE;RAMON GOMEZ DE LA SERNA, CALLE, DE;S/N;Taxi;Línea;4;20;;-3.7240452190;40.4804363530
08.09;440402,6600000000;4480663,3500000000;01-01-2051;08  FUENCARRAL-EL PARDO;08-04 EL PILAR;EL FERROL, AVENIDA, DE;1;Taxi;Línea;6;31,7;;-3.7030786880;40.4745154640
08.10;441183,3900000000;4481571,8000000000;06-02-2051;08  FUENCARRAL-EL PARDO;08-05 LA PAZ;JULIO PALACIOS, CALLE, DE;23;Taxi;Batería;2;6,1;De Lunes a Viernes;-3.6939530170;40.4827555140
08.11;439484,2800000000;4482321,7000000000;17-03-2051;08  FUENCARRAL-EL PARDO;08-07 MIRASIERRA;MASO, CALLE, DE LA;83;Taxi;Línea;4;20,1;;-3.7140704250;40.4893881880
08.13;441588,3100000000;4482516,8300000000;15-12-2051;08  FUENCARRAL-EL PARDO;08-06 VALVERDE;CARDENAL HERRERA ORIA, AVENIDA, DEL;78 C;Taxi;Línea;3;14,2;;-3.6892631860;40.4912968250
08.17;437044,2900000000;4480715,9800000000;01-07-2051;08  FUENCARRAL-EL PARDO;08-02 FUENTELARREINA;ARROYOFRESNO, CALLE, DE;FTE 17;Taxi;Línea;5;25;;-3.7426999800;40.4747418400
08.18;439262,9100000000;4482064,7100000000;18-03-2051;08  FUENCARRAL-EL PARDO;08-07 MIRASIERRA;VENTISQUERO DE LA CONDESA, AVENIDA, DEL;11;Taxi;Línea;2;10;;-3.7166575580;40.4870576250
08.19 a;440211,6600000000;4481167,4000000000;22-01-2051;08  FUENCARRAL-EL PARDO;08-04 EL PILAR;MONFORTE DE LEMOS, AVENIDA, DE;S/N;Taxi;Batería;6;14,4;;-3.7053792280;40.4790427480
08.19 b;440243,4205100000;4481175,9300000000;11-04-2051;08  FUENCARRAL-EL PARDO;08-04 EL PILAR;MONFORTE DE LEMOS, AVENIDA, DE;101;Taxi;Línea;3;14,2;;-3.7050053160;40.4791222170
08.20;439668,8300000000;4481024,3700000000;30-01-2051;08  FUENCARRAL-EL PARDO;08-04 EL PILAR;MONFORTE DE LEMOS, AVENIDA, DE;133;Taxi;Línea;1;5,1;;-3.7117694830;40.4777146890
08.21 a;439223,7800000000;4482822,9800000000;18-03-2051;08  FUENCARRAL-EL PARDO;08-07 MIRASIERRA;VENTISQUERO DE LA CONDESA, AVENIDA, DEL;44;Taxi;Línea;4;21;;-3.7171920710;40.4938853340
08.21 b;439233,6000000000;4482807,5300000000;22-01-2051;08  FUENCARRAL-EL PARDO;08-07 MIRASIERRA;VENTISQUERO DE LA CONDESA, AVENIDA, DEL;44 A;Taxi;Línea;3;14,58;Laborables de Lunes a Viernes de 8 a 20 h.;-3.7170746720;40.4937466210
08.23;441706,0500000000;4482321,7900000000;29-03-2051;08  FUENCARRAL-EL PARDO;08-06 VALVERDE;XAUDARO, CALLE, DE;Fte 1;Taxi;Línea;4;20;;-3.6878559440;40.4895479860
08.24;441151,3700000000;4481969,0205100000;01-07-2051;08  FUENCARRAL-EL PARDO;08-06 VALVERDE;SAN MODESTO, CALLE, DE;S/N;Taxi;Línea;5;25;;-3.6943677810;40.4863313440
08.25;443106,3100000000;4485084,5600000000;25-01-2051;08  FUENCARRAL-EL PARDO;08-06 VALVERDE;ISABEL COLBRAND, CALLE, DE;4;Taxi;Batería;4;21;;-3.6715823960;40.5145335870
08.26;440790,9800000000;4482049,4800000000;10-09-2051;08  FUENCARRAL-EL PARDO;08-05 LA PAZ;SANGENJO, CALLE, DE;35 B;Taxi;Línea;3;10;;-3.6986273210;40.4870306960
08.27;440335,6300000000;4482051,3300000000;22-03-2051;08  FUENCARRAL-EL PARDO;08-05 LA PAZ;ALFREDO MARQUERIE, CALLE, DE;43;Taxi;Línea;2;10,1;;-3.7039959930;40.4866361000
08.28 a;440966,7205100000;4482215,2051000000;18-12-2051;08  FUENCARRAL-EL PARDO;08-06 VALVERDE;SAN MODESTO, CALLE, DE;S/N;Taxi;Línea;9;45,4;;-3.6965693140;40.4885359130
08.28 b;440965,3400000000;4482163,2800000000;18-12-2051;08  FUENCARRAL-EL PARDO;08-06 VALVERDE;SAN MODESTO, CALLE, DE;S/N;Taxi;Línea;14;68,2;De Lunes a Viernes de 8 a 15 h.;-3.6965807730;40.4880684370
08.29;441775,4000000000;4482242,1205100000;15-12-2051;08  FUENCARRAL-EL PARDO;08-06 VALVERDE;VALDEGOVIA, CALLE, DE;10;Taxi;Línea;5;24;;-3.6870303690;40.4888359140
08.30;442730,0100000000;4484873,0100000000;02-01-2051;08  FUENCARRAL-EL PARDO;08-06 VALVERDE;MARIA TUBAU, CALLE, DE;16;Taxi;Batería;4;9;;-3.6760048850;40.5126018600
08.33;441803,2400000000;4481220,8700000000;17-10-2051;08  FUENCARRAL-EL PARDO;08-05 LA PAZ;ARZOBISPO MORCILLO, CALLE, DEL;S/N;Taxi;Línea;7;34,9;;-3.6866080420;40.4796378220
08.34 ;443157,6100000000;4484303,9300000000;07-04-2051;08  FUENCARRAL-EL PARDO;08-06 VALVERDE;CAMINO DE SANTIAGO, AVENIDA, DEL;46;Taxi;Línea;11;77,5;;-3.6709067640;40.5075045410
08.35 a;441787,2800000000;4480915,4800000000;07-04-2051;08  FUENCARRAL-EL PARDO;08-05 LA PAZ;CASTELLANA, PASEO, DE LA;S/N;Taxi;Línea;14;70,7;;-3.6867683550;40.4768856760
08.35 b;441804,2300000000;4480993,8300000000;21-01-2051;08  FUENCARRAL-EL PARDO;08-05 LA PAZ;CASTELLANA, PASEO, DE LA;259;Taxi;Línea;8;40;De lunes a viernes de 9 a 14 h;-3.6865755550;40.4775926490
08.36;442455,7300000000;4484558,1600000000;01-07-2051;08  FUENCARRAL-EL PARDO;08-06 VALVERDE;ISABEL COLBRAND, CALLE, DE;22;Taxi;Línea;7;35;;-3.6792136780;40.5097468680
08.37;441086,5100000000;4484099,9100000000;10-09-2051;08  FUENCARRAL-EL PARDO;08-08 EL GOLOSO;MONASTERIO DE SILOS, AVENIDA, DEL;63;Taxi;Línea;4;20;;-3.6953310950;40.5055222790
08.38;443828,0700000000;4485261,9000000000;02-07-2051;08  FUENCARRAL-EL PARDO;08-06 VALVERDE;COMUNICACION, RONDA, DE LA;S/N;Taxi;Línea;10;49,85;;-3.6630789000;40.5161806110
08.39;443779,0700000000;4484894,0300000000;23-12-2051;08  FUENCARRAL-EL PARDO;08-06 VALVERDE;OBISPO GELMÍREZ, CALLE, DEL;S/N;Taxi;Batería;4;11,9;;-3.6636246420;40.5128630140
08.40;439398,0400000000;4482295,6400000000;01-07-2051;08  FUENCARRAL-EL PARDO;08-07 MIRASIERRA;COLLADO DE CERRO MALEJO, CALLE, DEL;S/N;Taxi;Línea;4;26,9;;-3.7150854770;40.4891476030
08.41;439962,1500000000;4481130,3300000000;06-02-2051;08  FUENCARRAL-EL PARDO;08-04 EL PILAR;MONFORTE DE LEMOS, AVENIDA, DE;34;Taxi;Línea;3;15,1;;-3.7083192460;40.4786913530
08.43;443292,7600000000;4483326,9300000000;05-06-2051;08  FUENCARRAL-EL PARDO;08-06 VALVERDE;QUINTANAVIDES, CALLE, DE;23;Taxi;Línea;5;25;;-3.6692242160;40.4987127320
08.45;440843,1700000000;4484002,4000000000;30-01-2051;08  FUENCARRAL-EL PARDO;08-08 EL GOLOSO;MONASTERIO DE EL ESCORIAL, AVENIDA, DEL;S/N;Taxi;Batería;5;12,5;;-3.6981938790;40.5046269170
08.46;440421,6400000000;4481214,1700000000;07-05-2051;08  FUENCARRAL-EL PARDO;08-05 LA PAZ;MONFORTE DE LEMOS, AVENIDA, DE;85;Taxi;Batería;3;9;De Lunes a Viernes de 8 a 19 h.;-3.7029063990;40.4794795710
08.47;444011,1100000000;4485082,1100000000;27-09-2051;08  FUENCARRAL-EL PARDO;08-06 VALVERDE;COMUNICACION, RONDA, DE LA;S/N;Taxi;Línea;5;25;;-3.6609024050;40.5145726050
08.48;442836,3900000000;4482805,3600000000;19-06-2051;08  FUENCARRAL-EL PARDO;08-06 VALVERDE;FUENCARRAL A HORTALEZA, CARRETERA, DE;8;Taxi;Batería;5;16,1;;-3.6745626930;40.4939832520
08.49;443787,8100000000;4483706,7700000000;28-06-2051;08  FUENCARRAL-EL PARDO;08-06 VALVERDE;ABETAL, CALLE, DEL;8;Taxi;Línea;7;34,9;;-3.6634160280;40.5021681260
08.50 a;443865,5900000000;4483563,4100000000;28-06-2051;08  FUENCARRAL-EL PARDO;08-06 VALVERDE;ABETAL, CALLE, DEL;S/N;Taxi;Línea;7;35;;-3.6624854870;40.5008821230
08.50 b;443883,5205100000;4483530,4300000000;28-06-2051;08  FUENCARRAL-EL PARDO;08-06 VALVERDE;ABETAL, CALLE, DEL;S/N;Taxi;Línea;5;25;;-3.6622709720;40.5005866480
08.51;443099,3500000000;4484239,6300000000;20-04-2051;08  FUENCARRAL-EL PARDO;08-06 VALVERDE;CAMINO DE SANTIAGO, AVENIDA, DEL;42;Taxi;Línea;2;10,1;;-3.6715886410;40.5069216130
08.52;441480,1600000000;4483568,2400000000;01-06-2051;08  FUENCARRAL-EL PARDO;08-06 VALVERDE;TRES OLIVOS, PLAZA, DE LOS;1;Taxi;Línea;2;10;;-3.6906362790;40.5007612280
08.53;443075,4500000000;4483016,9500000000;13-02-2051;08  FUENCARRAL-EL PARDO;08-06 VALVERDE;PUERTO DE SOMPORT, CALLE, DEL;S/N;Taxi;Línea;2;11;;-3.6717608150;40.4959053540
08.54;439029,6600000000;4481011,1100000000;18-03-2051;08  FUENCARRAL-EL PARDO;08-03 PEÑAGRANDE;SANTIAGO DE COMPOSTELA, CALLE, DE;frente al 94 A;Taxi;Línea;10;30;;-3.7193083470;40.4775489890
08.55;439097,8400000000;4482974,4500000000;15-04-2051;08  FUENCARRAL-EL PARDO;08-07 MIRASIERRA;VENTISQUERO DE LA CONDESA, AVENIDA, DEL;50;Taxi;Línea;5;25;TODOS LOS DÍAS DE 6 A 20 H;-3.7186926470;40.4952404360
 Sin Datos;437951,0300000000;4475511,3700000000;25-05-2051;09  MONCLOA-ARAVACA;09-01 CASA DE CAMPO;RIBERA DEL MANZANARES, CALLE, DE LA;113;Taxi;Línea;2;10;LABORABLES DE LUNES A VIERNES DE 8 A 21 HORAS;-3.7314952170;40.4279259170
09.01;439426,3300000000;4475445,4100000000;01-06-2051;09  MONCLOA-ARAVACA;09-02 ARGÜELLES;PRINCESA, CALLE, DE LA;27;Taxi;Línea;8;40;;-3.7140978690;40.4274402200
09.02 a;439081,6700000000;4476802,5100000000;02-12-2051;09  MONCLOA-ARAVACA;09-03 CIUDAD UNIVERSITARIA;DOCTOR JIMENEZ DIAZ, CALLE, DEL;S/N;Taxi;Línea;5;24,1;;-3.7182908320;40.4396398670
09.02 b;439057,3100000000;4476806,3300000000;14-02-2051;09  MONCLOA-ARAVACA;09-03 CIUDAD UNIVERSITARIA;DOCTOR JIMENEZ DIAZ, CALLE, DEL;S/N;Taxi;Línea;7;34;;-3.7185783990;40.4396726400
09.02 c;438995,8100000000;4476767,8900000000;18-03-2051;09  MONCLOA-ARAVACA;09-03 CIUDAD UNIVERSITARIA;DOCTOR JIMENEZ DIAZ, CALLE, DEL;2;Taxi;Línea;17;87;Laborables de 8 a 14 h.;-3.7192998100;40.4393216460
09.03;439171,8000000000;4475503,8000000000;01-01-2051;09  MONCLOA-ARAVACA;09-02 ARGÜELLES;QUINTANA, CALLE, DE;9;Taxi;Línea;2;10;;-3.7171039500;40.4279472880
09.04;439220,1600000000;4475826,6100000000;15-04-2051;09  MONCLOA-ARAVACA;09-02 ARGÜELLES;PRINCESA, CALLE, DE LA;57;Taxi;Línea;6;32,5;;-3.7165646820;40.4308587730
09.05;438789,5600000000;4474779,0800000000;15-06-2051;09  MONCLOA-ARAVACA;09-01 CASA DE CAMPO;FLORIDA, PASEO, DE LA;13;Taxi;Línea;4;20;;-3.7215400180;40.4213911040
09.07;435419,7700000000;4473390,3900000000;14-06-2051;09  MONCLOA-ARAVACA;09-01 CASA DE CAMPO;ZOO, CARRETERA, DEL;S/N;Taxi;Línea;6;30;;-3.7611184530;40.4086264060
09.08;439009,3800000000;4479976,3800000000;10-07-2051;09  MONCLOA-ARAVACA;09-04 VALDEZARZA;ANTONIO MACHADO, CALLE, DE;53;Taxi;Línea;4;20,4;;-3.7194480350;40.4682264500
09.10;433905,3900000000;4479013,8300000000;11-04-2051;09  MONCLOA-ARAVACA;09-07 ARAVACA;TEJADILLO, CALLE, DEL;13;Taxi;Línea;7;37,8;;-3.7795497030;40.4591648940
09.11 a;433422,2300000000;4478995,6100000000;22-03-2051;09  MONCLOA-ARAVACA;09-07 ARAVACA;GALAXIA, AVENIDA, DE LA;1;Taxi;Línea;5;26,6;;-3.7852457630;40.4589619520
09.11 b;433422,5600000000;4478970,1700000000;22-03-2051;09  MONCLOA-ARAVACA;09-07 ARAVACA;GALAXIA, AVENIDA, DE LA;3;Taxi;Línea;3;16;;-3.7852392890;40.4587335710
09.16;438941,5100000000;4476256,3205100000;03-08-2051;09  MONCLOA-ARAVACA;09-02 ARGÜELLES;MORET, PASEO, DE;S/N;Taxi;Línea;10;49;;-3.7198909310;40.4347097370
09.17 a;437762,9700000000;4476108,9600000000;27-05-2051;09  MONCLOA-ARAVACA;09-01 CASA DE CAMPO;VALLADOLID, AVENIDA, DE;83;Taxi;Línea;3;15,5;;-3.7337705470;40.4332952190
09.17 b;437795,5300000000;4476058,6900000000;16-12-2051;09  MONCLOA-ARAVACA;09-01 CASA DE CAMPO;VALLADOLID, AVENIDA, DE;81;Taxi;Línea;3;18,7;;-3.7333818530;40.4328444160
09.18;439901,5205100000;4479237,5400000000;27-05-2051;09  MONCLOA-ARAVACA;09-04 VALDEZARZA;OFELIA NIETO, CALLE, DE;71;Taxi;Línea;4;19,91;;-3.7088551340;40.4616360030
09.19;436317,9600000000;4473922,8400000000;18-03-2051;09  MONCLOA-ARAVACA;09-01 CASA DE CAMPO;ALBERGUE JUVENIL, CARRETERA, DEL;S/N;Taxi;Línea;9;45;;-3.7505868010;40.4134921360
09.22;438710,6800000000;4477179,8800000000;13-08-2051;09  MONCLOA-ARAVACA;09-03 CIUDAD UNIVERSITARIA;DOCTOR SEVERO OCHOA, CALLE, DEL;5;Taxi;Línea;6;30,7;;-3.7227012320;40.4430122970
09.25;433435,7600000000;4479629,7500000000;17-03-2051;09  MONCLOA-ARAVACA;09-05 VALDEMARÍN;ZARZUELA, CAMINO, DE LA;3;Taxi;Línea;3;15;;-3.7851527150;40.4646760030
09.26;432051,4205100000;4479886,8400000000;17-03-2051;09  MONCLOA-ARAVACA;09-06 EL PLANTÍO;MUSGO, CALLE, DEL;2;Taxi;Línea;5;25;;-3.8019440450;40.4668769060
09.28;437999,1000000000;4474098,3600000000;30-11-2051;09  MONCLOA-ARAVACA;09-01 CASA DE CAMPO;PUERTA DEL ANGEL, PASEO, DE LA;3;Taxi;Línea;2;10;;-3.7307908230;40.4152051520
09.29;438854,2300000000;4474673,4100000000;28-08-2051;09  MONCLOA-ARAVACA;09-01 CASA DE CAMPO;SAN VICENTE, GLORIETA, DE;1;Taxi;Línea;6;30;DE 6 A 24 H. EXCEPTO DE 8:15 A 9:45 H. Y DE 19:15 A 20:45 H. PERMITIDO ESTACIONAMIENTO SOLO AUTOBUS S.E. CAMPAÑA DEL FRÍO DE 6 A 24 H.;-3.7207675560;40.4204438900
09.31;439153,5300000000;4479377,7000000000;29-05-2051;09  MONCLOA-ARAVACA;09-04 VALDEZARZA;ALCALDE MARTIN DE ALZAGA, CALLE, DEL;9;Taxi;Batería;3;9;De Lunes a Viernes de 8 a 20 h.;-3.7176903720;40.4628439130
09.32;439184,6600000000;4477703,6900000000;06-06-2051;09  MONCLOA-ARAVACA;09-03 CIUDAD UNIVERSITARIA;JUAN XXIII, PASEO, DE;22;Taxi;Línea;10;50,1;;-3.7171627920;40.4477656120
09.33;439701,9205100000;4479484,0800000000;30-01-2051;09  MONCLOA-ARAVACA;09-04 VALDEZARZA;AZUAGA, CALLE, DE;42;Taxi;Batería;2;2,8;;-3.7112325650;40.4638422920
09.37;437486,1700000000;4474103,1300000000;31-07-2051;09  MONCLOA-ARAVACA;09-01 CASA DE CAMPO;FERIAL, CALLE, DEL;S/N;Taxi;Línea;5;27;;-3.7368366160;40.4152045920
 Sin Datos;438313,9300000000;4473907,6900000000;12-05-2051;10  LATINA;10-02 PUERTA DEL ÁNGEL;CARAMUEL, CALLE, DE;3;Taxi;Línea;2;10;;-3.7270617270;40.4135056580
 Sin Datos;436583,3300000000;4472470,6100000000;12-05-2051;10  LATINA;10-03 LUCERO;CONCEJAL FRANCISCO JOSE JIMENEZ MARTIN, CALLE, DEL;128;Taxi;Batería;2;5;;-3.7473146390;40.4004301310
 Sin Datos;434269,0300000000;4469808,0000000000;17-12-2051;10  LATINA;10-07 ÁGUILAS;SOLEDAD CAZORLA, CALLE, DE;12;Taxi;Línea;3;15;LABORABLES DE LUNES A VIERNES DE 8 A 21 HORAS;-3.7743097750;40.3762650630
10.01;434450,4900000000;4469946,1700000000;16-12-2051;10  LATINA;10-07 ÁGUILAS;BLAS CABRERA, CALLE, DE;54;Taxi;Línea;2;13;;-3.7721863930;40.3775237360
10.02;435897,5900000000;4471519,0000000000;30-01-2051;10  LATINA;10-04 ALUCHE;ILLESCAS, CALLE, DE;S/N;Taxi;Línea;2;10,7;;-3.7552990920;40.3918051100
10.03;434811,2205100000;4471842,3900000000;22-01-2051;10  LATINA;10-04 ALUCHE;PADRE PIQUER, AVENIDA, DEL;9;Taxi;Línea;6;37,2;;-3.7681313990;40.3946340320
10.04;438211,8500000000;4473893,7500000000;01-03-2051;10  LATINA;10-02 PUERTA DEL ÁNGEL;ANTILLON, CALLE, DE;2;Taxi;Línea;3;16;;-3.7282634490;40.4133723300
10.05;435166,2900000000;4471926,7800000000;16-12-2051;10  LATINA;10-04 ALUCHE;ILLESCAS, CALLE, DE;59;Taxi;Línea;4;20;;-3.7639565420;40.3954222500
10.07;433488,3500000000;4470654,7100000000;30-01-2051;10  LATINA;10-07 ÁGUILAS;FUENTE DE LIMA, CALLE, DE LA;3;Taxi;Línea;2;12;;-3.7835936390;40.3838301680
10.08;434636,4000000000;4470136,1300000000;01-07-2051;10  LATINA;10-07 ÁGUILAS;JOSE DE CADALSO, CALLE, DE;S/N;Taxi;Línea;3;14,8;;-3.7700161440;40.3792499440
10.11;437367,4100000000;4473645,8500000000;05-08-2051;10  LATINA;10-02 PUERTA DEL ÁNGEL;PORTUGAL, AVENIDA, DE;155;Taxi;Línea;2;10;;-3.7381912600;40.4110764890
10.13;435382,4400000000;4470814,4100000000;24-11-2051;10  LATINA;10-04 ALUCHE;POBLADOS, AVENIDA, DE LOS;41;Taxi;Línea;5;25;;-3.7612970440;40.3854178340
10.18;436735,0300000000;4472959,6100000000;08-02-2051;10  LATINA;10-03 LUCERO;CEBREROS, CALLE, DE;Fte 40;Taxi;Línea;4;20;;-3.7455756550;40.4048468330
10.20 a;436056,3600000000;4473109,7100000000;01-02-2051;10  LATINA;10-03 LUCERO;VILLAMANIN, CALLE, DE;48;Taxi;Línea;4;20,1;;-3.7535881260;40.4061470460
10.20 b;436056,5800000000;4473078,7700000000;10-12-2051;10  LATINA;10-03 LUCERO;VILLAMANIN, CALLE, DE;39;Taxi;Línea;2;11;;-3.7535824540;40.4058682450
10.23;433769,1700000000;4470110,1400000000;02-02-2051;10  LATINA;10-07 ÁGUILAS;MIRABEL, CALLE, DE;19;Taxi;Línea;2;7,3;;-3.7802289440;40.3789466770
10.25;437307,7400000000;4473514,8700000000;21-01-2051;10  LATINA;10-02 PUERTA DEL ÁNGEL;EXTREMADURA, PASEO, DE;154;Taxi;Línea;3;15;;-3.7388816170;40.4098921850
10.26;434055,2700000000;4470436,4100000000;15-03-2051;10  LATINA;10-07 ÁGUILAS;LAS AGUILAS, AVENIDA, DE;18;Taxi;Batería;2;6;LABORABLES DE LUNES A VIERNES DE 8 A 21 H.;-3.7768927260;40.3819090410
 Sin Datos;435650,7300000000;4468290,2800000000;29-06-2051;11  CARABANCHEL;11-06 BUENAVISTA;SALVADOR ALLENDE, CALLE, DE;S/N;Taxi;Línea;1;6;;-3.7578815850;40.3627003440
11.01;439945,8205100000;4471729,4500000000;27-05-2051;11  CARABANCHEL;11-01 COMILLA;ANTONIO LOPEZ, CALLE, DE;65;Taxi;Línea;3;16,5;;-3.7076234460;40.3940028620
11.02;436557,3600000000;4469367,4900000000;13-12-2051;11  CARABANCHEL;11-06 BUENAVISTA;GUAYABA, CALLE, DE LA;1;Taxi;Línea;7;35,5;;-3.7473115450;40.3724737440
11.03;439082,2100000000;4470802,9500000000;21-12-2051;11  CARABANCHEL;11-02 OPAÑEL;ELÍPTICA, PLAZA;5;Taxi;Línea;4;20;;-3.7177100820;40.3855937320
11.04;437636,9500000000;4472234,1000000000;13-12-2051;11  CARABANCHEL;11-03 SAN ISIDRO;VIA CARPETANA, CALLE;53;Taxi;Línea;3;16,3;;-3.7348762980;40.3983785980
11.05;436837,6205100000;4471086,7800000000;15-12-2051;11  CARABANCHEL;11-04 VISTA ALEGRE;OCA, CALLE, DE LA;103;Taxi;Línea;4;21;;-3.7441809610;40.3879829660
11.06;439236,0100000000;4472112,7800000000;10-03-2051;11  CARABANCHEL;11-02 OPAÑEL;MARQUES DE VADILLO, GLORIETA, DEL;5;Taxi;Línea;3;15,1;;-3.7160231790;40.3974045700
11.08;438554,3500000000;4470785,4600000000;01-07-2051;11  CARABANCHEL;11-07 ABRANTES;OPORTO, AVENIDA, DE;27;Taxi;Línea;4;20;;-3.7239269600;40.3853968070
11.12;435549,6900000000;4469336,4300000000;01-01-2051;11  CARABANCHEL;11-06 BUENAVISTA;JOAQUIN TURINA, CALLE, DE;Fte 70;Taxi;Línea;3;15;DE LUNES A VIERNES LABORABLES DE 8 A 20H.;-3.7591771570;40.3721163330
11.18;436044,5900000000;4468248,7800000000;14-12-2051;11  CARABANCHEL;11-06 BUENAVISTA;PESETA, AVENIDA, DE LA;73B;Taxi;Línea;2;10;Laborables de Lunes a Viernes de 6 a 16 h.;-3.7532390800;40.3623569710
11.19;438695,8500000000;4472249,8400000000;09-06-2051;11  CARABANCHEL;11-03 SAN ISIDRO;COMUNEROS DE CASTILLA, CALLE, DE LOS;S/N;Taxi;Batería;2;6;;-3.7224009440;40.3985994160
11.20;437162,1205100000;4468370,3800000000;01-06-2051;11  CARABANCHEL;11-06 BUENAVISTA;CALDERILLA, CALLE, DE LA;22;Taxi;Línea;4;20;;-3.7400903290;40.3635375500
11.21 a;437862,8205100000;4471144,9100000000;23-03-2051;11  CARABANCHEL;11-04 VISTA ALEGRE;OCA, CALLE, DE LA;2 B;Taxi;Línea;2;9,5;;-3.7321086830;40.3885837130
11.21 b;437854,6100000000;4471149,4400000000;03-02-2051;11  CARABANCHEL;11-04 VISTA ALEGRE;OCA, CALLE, DE LA;4;Taxi;Línea;2;8,9;Laborables de Lunes a Viernes de 8 a 20 h.;-3.7322058570;40.3886241630
11.24;435917,9600000000;4468218,9400000000;11-08-2051;11  CARABANCHEL;11-06 BUENAVISTA;PESETA, AVENIDA, DE LA;S/N;Taxi;Línea;4;20;LABORABLES DE 8 A 21 H.;-3.7547273380;40.3620781690
12.05;440597,9205100000;4471100,5700000000;02-04-2051;12  USERA;12-05 MOSCARDÓ;ANTONIO LOPEZ, CALLE, DE;174;Taxi;Línea;2;10,9;;-3.6998815830;40.3883835780
12.08;440736,2205100000;4469648,0100000000;30-12-2051;12  USERA;12-02 ORCASUR;ANDALUCIA, AVENIDA, DE;2;Taxi;Línea;6;30;;-3.6981171020;40.3753089110
12.11;441210,3300000000;4469672,7700000000;01-07-2051;12  USERA;12-03 SAN FERMÍN;SAN MARIO, CALLE, DE;S/N;Taxi;Línea;9;46,3;;-3.6925348320;40.3755649080
12.12;441180,7800000000;4469746,4900000000;11-11-2051;12  USERA;12-03 SAN FERMÍN;SAN MAXIMO, CALLE, DE;33;Taxi;Línea;8;34,56;;-3.6928896650;40.3762267890
12.13;440877,3400000000;4469725,2100000000;01-07-2051;12  USERA;12-02 ORCASUR;MALAGA, GLORIETA, DE;s/n;Taxi;Línea;6;30;;-3.6964620510;40.3760137630
12.14;441760,4800000000;4468870,3800000000;26-04-2051;12  USERA;12-03 SAN FERMÍN;PERALES, CAMINO, DE;146;Taxi;Línea;7;43;;-3.6859814550;40.3683754340
12.15;441250,3400000000;4469598,7300000000;29-09-2051;12  USERA;12-03 SAN FERMÍN;CARABELOS, CALLE, DE;21;Taxi;Batería;2;6;;-3.6920567560;40.3749009070
12.16;440449,8205100000;4471305,8205100000;16-10-2051;12  USERA;12-05 MOSCARDÓ;ANTONIO LOPEZ, CALLE, DE;111;Taxi;Línea;7;50,2;;-3.7016454910;40.3902222570
 Sin Datos;442214,5400000000;4469102,1000000000;08-05-2051;13  PUENTE DE VALLECAS;13-01 ENTREVÍAS;EMBAJADORES, CALLE, DE;S/N;Taxi;Batería;8;17,2;;-3.6806544950;40.3704941740
 Sin Datos;443961,8500000000;4472444,4800000000;18-05-2051;13  PUENTE DE VALLECAS;13-06 NUMANCIA;SIERRA TOLEDANA, CALLE, DE LA;S/N;Taxi;Línea;3;15;LABORABLES DE  LUNES A VIERNES DE 6:00 A 19:00 H;-3.6603682360;40.4007238290
13.01;443052,4100000000;4470145,0600000000;01-01-2051;13  PUENTE DE VALLECAS;13-01 ENTREVÍAS;SANTA RAFAELA MARIA DEL SAGRADO CORAZON, CALLE, DE;Fte 2;Taxi;Batería;8;21,1;;-3.6708790900;40.3799474050
13.04;445160,8000000000;4471295,2051000000;01-01-2051;13  PUENTE DE VALLECAS;13-05 PORTAZGO;SANTILLANA DEL MAR, CALLE, DE;9;Taxi;Línea;4;18;;-3.6461414650;40.3904497790
13.08;443766,4600000000;4470295,4300000000;21-01-2051;13  PUENTE DE VALLECAS;13-03 PALOMERAS BAJAS;PABLO NERUDA, AVENIDA, DE;95;Taxi;Línea;5;35;Laborables de Lunes a Viernes de 9 a 19 h.;-3.6624809040;40.3813510940
13.15;443959,8300000000;4471593,5205100000;11-04-2051;13  PUENTE DE VALLECAS;13-03 PALOMERAS BAJAS;SIERRA DE CADI, CALLE, DE LA;3;Taxi;Línea;6;32,3;;-3.6603171290;40.3930578250
13.16;445770,8800000000;4471100,7900000000;17-01-2051;13  PUENTE DE VALLECAS;13-04 PALOMERAS SURESTE;SAN CLAUDIO, CALLE, DE;154;Taxi;Batería;2;10;Laborables de Lunes a Viernes de 9 a 21 h.;-3.6389370370;40.3887387550
13.17;444452,8205100000;4471517,0300000000;17-01-2051;13  PUENTE DE VALLECAS;13-06 NUMANCIA;MONLEON, CALLE, DE;10;Taxi;Batería;3;9,1;Laborables de Lunes a Viernes de 9 a 21 h.;-3.6545020650;40.3924013300
13.18;444637,4600000000;4470323,3500000000;27-11-2051;13  PUENTE DE VALLECAS;13-05 PORTAZGO;PABLO NERUDA, AVENIDA, DE;116 H;Taxi;Línea;3;15;Laborables de Lunes a Viernes de 8 a 20 h.;-3.6522228970;40.3816610070
13.19;445729,4900000000;4470923,1800000000;15-03-2051;13  PUENTE DE VALLECAS;13-04 PALOMERAS SURESTE;ALBUFERA, AVENIDA, DE LA;S/N;Taxi;Línea;2;12;LABORABLES DE LUNES A VIERNES  DE 9:00 A 21:00 H;-3.6394094980;40.3871359050
14.01;445021,0900000000;4473365,2800000000;11-09-2051;14  MORATALAZ;14-03 MARROQUINA;CAMINO DE LOS VINATEROS, CALLE, DEL;103;Taxi;Línea;3;15;;-3.6479661070;40.4090897000
14.02;445717,2051000000;4472228,7500000000;10-02-2051;14  MORATALAZ;14-05 FONTARRÓN;ENCOMIENDA DE PALACIOS, CALLE, DE LA;187;Taxi;Línea;3;14,48;Laborables de Lunes a Viernes de a 6 a 19 h.;-3.6396657240;40.3988967810
14.04;446223,6600000000;4472365,5600000000;09-02-2051;14  MORATALAZ;14-01 PAVONES;HACIENDA DE PAVONES, CALLE, DE LA;S/N;Taxi;Línea;4;12,07;Laborables de Lunes a Viernes de 6 a 19 h.;-3.6337093700;40.4001623870
14.07;444821,6500000000;4473037,5800000000;03-02-2051;14  MORATALAZ;14-03 MARROQUINA;MORATALAZ, AVENIDA, DE;117;Taxi;Línea;12;60;;-3.6502883050;40.4061244720
14.08;446005,1400000000;4473317,5100000000;10-07-2051;14  MORATALAZ;14-03 MARROQUINA;DOCTOR GARCIA TAPIA, AVENIDA, DEL;139;Taxi;Línea;4;20;;-3.6363651440;40.4087233510
14.12;445499,7800000000;4473396,1500000000;11-09-2051;14  MORATALAZ;14-03 MARROQUINA;MORATALAZ, AVENIDA, DE;195;Taxi;Línea;1;8;;-3.6423275720;40.4093988680
 Sin Datos;445053,4500000000;4475605,3300000000;12-07-2051;15  CIUDAD LINEAL;15-01 VENTAS;JOSE MARIA PEREDA, CALLE, DE;56;Taxi;Línea;3;18,9;Laborables de lunes a viernes de 09:00 a 14:00;-3.6477784060;40.4292716230
15.01;445919,1205100000;4476576,5300000000;07-03-2051;15  CIUDAD LINEAL;15-03 QUINTANA;ALCALA, CALLE, DE;419;Taxi;Línea;4;28;;-3.6376560750;40.4380773540
15.02;445409,2500000000;4476277,1100000000;15-02-2051;15  CIUDAD LINEAL;15-03 QUINTANA;ALCALA, CALLE, DE;375;Taxi;Línea;3;16;;-3.6436417650;40.4353464080
15.03;444384,8800000000;4475929,3900000000;19-11-2051;15  CIUDAD LINEAL;15-04 CONCEPCIÓN;ALCALA, CALLE, DE;277;Taxi;Línea;4;20,6;;-3.6556881450;40.4321462090
15.05;444189,9205100000;4475335,6800000000;29-01-2051;15  CIUDAD LINEAL;15-01 VENTAS;RICARDO ORTIZ, CALLE, DE;31;Taxi;Línea;3;15;Lunes a Viernes de 6 a 21 h.;-3.6579343120;40.4267842410
15.06;444180,4500000000;4476269,9600000000;14-02-2051;15  CIUDAD LINEAL;15-04 CONCEPCIÓN;VIRGEN DE LA ROCA, CALLE, DE LA;29;Taxi;Línea;4;20;;-3.6581280290;40.4352051770
15.08;444364,8300000000;4474919,6000000000;11-02-2051;15  CIUDAD LINEAL;15-01 VENTAS;MARQUES DE CORBERA, AVENIDA, DEL;3;Taxi;Línea;15;39,69;;-3.6558361400;40.4230486140
15.09;444438,2205100000;4477256,4900000000;17-02-2051;15  CIUDAD LINEAL;15-05 SAN PASCUAL;CONDESA DE VENADITO, CALLE, DE LA;3;Taxi;Línea;9;48;;-3.6551753480;40.4441045830
15.10;445079,4205100000;4476073,2100000000;15-02-2051;15  CIUDAD LINEAL;15-03 QUINTANA;ALCALA, CALLE, DE;339;Taxi;Línea;4;20,5;;-3.6475126680;40.4334883060
15.11;443199,2300000000;4481233,8100000000;13-04-2051;15  CIUDAD LINEAL;15-09 COSTILLARES;CONDADO DE TREVIÑO, CALLE, DEL;31 A;Taxi;Línea;4;21,9;;-3.6701403750;40.4798503890
15.13;443292,7100000000;4480989,7100000000;01-01-2051;15  CIUDAD LINEAL;15-09 COSTILLARES;ARTURO SORIA, CALLE, DE;301;Taxi;Línea;3;15,9;;-3.6690158310;40.4776583670
15.14;444275,7600000000;4476800,4000000000;17-02-2051;15  CIUDAD LINEAL;15-05 SAN PASCUAL;SALVADOR DE MADARIAGA, CALLE, DE;11;Taxi;Línea;3;14;;-3.6570510400;40.4399850740
15.16;444482,5600000000;4478319,6600000000;15-02-2051;15  CIUDAD LINEAL;15-06 SAN JUAN BAUTISTA;ARTURO SORIA, CALLE, DE;143;Taxi;Línea;9;44;;-3.6547455150;40.4536859850
15.17;444678,7100000000;4477881,2051000000;21-06-2051;15  CIUDAD LINEAL;15-06 SAN JUAN BAUTISTA;RAMIREZ DE ARELLANO, CALLE, DE;2;Taxi;Línea;14;70,1;;-3.6523941540;40.4497484470
15.18;443743,0100000000;4479901,4000000000;26-12-2051;15  CIUDAD LINEAL;15-09 COSTILLARES;MESENA, CALLE, DE;102;Taxi;Línea;9;45;;-3.6636070520;40.4678847960
15.22;443009,2051000000;4480445,6000000000;19-01-2051;15  CIUDAD LINEAL;15-09 COSTILLARES;SERRANO GALVACHE, CALLE, DE;14;Taxi;Línea;2;10;;-3.6723113700;40.4727377480
15.24;445578,4205100000;4475890,1300000000;14-02-2051;15  CIUDAD LINEAL;15-02 PUEBLO NUEVO;EMILIO FERRARI, CALLE, DE;51;Taxi;Línea;5;25;Laborables de Lunes a Viernes de 6 a 21 h.;-3.6416140670;40.4318710750
15.25;443124,9500000000;4480839,6600000000;13-05-2051;15  CIUDAD LINEAL;15-09 COSTILLARES;YERMA, CALLE, DE;frente 11;Taxi;Línea;7;35;Excepto Sabados y Festivos;-3.6709814200;40.4762947850
15.27;444328,8205100000;4475919,5700000000;19-11-2051;15  CIUDAD LINEAL;15-04 CONCEPCIÓN;CAPOTE, CALLEJON, DEL;S/N;Taxi;Línea;2;10;Laborables de Lunes a Viernes de 6 a 21 h.;-3.6563481350;40.4320537910
15.28;443276,6500000000;4480071,3300000000;13-04-2051;15  CIUDAD LINEAL;15-09 COSTILLARES;BAUSA, CALLE, DE LA;23;Taxi;Línea;3;15,01;;-3.6691230890;40.4693840540
15.31;444423,3100000000;4477638,6800000000;12-12-2051;15  CIUDAD LINEAL;15-06 SAN JUAN BAUTISTA;EMILIO VARGAS, CALLE, DE;3B;Taxi;Línea;3;15,1;;-3.6553846500;40.4475470280
15.33;443472,6300000000;4480140,6700000000;03-05-2051;15  CIUDAD LINEAL;15-09 COSTILLARES;ARTURO SORIA, CALLE, DE;270;Taxi;Línea;3;15;;-3.6668176210;40.4700219850
15.34;444233,5600000000;4477679,9500000000;21-06-2051;15  CIUDAD LINEAL;15-06 SAN JUAN BAUTISTA;RAMIREZ DE ARELLANO, CALLE, DE;27;Taxi;Línea;4;20;;-3.6576257170;40.4479064450
15.35;445689,4600000000;4475740,0700000000;16-04-2051;15  CIUDAD LINEAL;15-02 PUEBLO NUEVO;ASCAO, CALLE, DE;31 B;Taxi;Línea;3;15;;-3.6402922540;40.4305268010
 Sin Datos;445075,5000000000;4479357,0100000000;31-01-2051;16  HORTALEZA;16-03 CANILLAS;CANILLAS, CARRETERA, DE;54;Taxi;Línea;2;10;De lunes a viernes Laborables de  6 a 21 h;-3.6478428060;40.4630702310
16.01;446438,6300000000;4479547,4000000000;31-03-2051;16  HORTALEZA;16-03 CANILLAS;MOTA DEL CUERVO, CALLE, DE;11;Taxi;Línea;3;15;Laborables de Lunes a Viernes de 6 a 21 h.;-3.6317814810;40.4648741890
16.02;444812,7300000000;4480195,5300000000;31-03-2051;16  HORTALEZA;16-04 PINAR DEL REY;LOPEZ DE HOYOS, CALLE, DE;frente 468;Taxi;Línea;9;45;;-3.6510151010;40.4706066320
16.03;444623,2100000000;4479917,2100000000;04-04-2051;16  HORTALEZA;16-04 PINAR DEL REY;LOPEZ DE HOYOS, CALLE, DE;341;Taxi;Línea;3;18;;-3.6532262030;40.4680863620
16.07;444132,7500000000;4480890,0205100000;31-03-2051;16  HORTALEZA;16-05 APÓSTOL SANTIAGO;CUEVAS DEL ALMANZORA, CALLE, DE;Fte 18;Taxi;Línea;3;15;Laborables de Lunes a Viernes de 6 a 21 h.;-3.6590970150;40.4768170930
16.09;447989,1400000000;4478201,3400000000;06-04-2051;16  HORTALEZA;16-01 PALOMAS;LUIS DE LA MATA, CALLE, DE;18;Taxi;Línea;3;15;Laborables de Lunes a Viernes de 6 a 21 h.;-3.6133832910;40.4528464300
16.11;445295,2900000000;4478697,5600000000;12-04-2051;16  HORTALEZA;16-02 PIOVERA;MOSCATELAR, CALLE, DE;34;Taxi;Línea;6;27,7;;-3.6451937930;40.4571438420
16.12;447567,8205100000;4478617,2205100000;23-11-2051;16  HORTALEZA;16-01 PALOMAS;ANDES, AVENIDA, DE LOS;50;Taxi;Línea;6;32,71;;-3.6183860720;40.4565667020
16.15;445337,2700000000;4484342,9300000000;05-10-2051;16  HORTALEZA;16-06 VALDEFUENTES;JULIO CARO BAROJA, CALLE, DE;4;Taxi;Línea;2;10;;-3.6451854280;40.5080030710
16.19;443372,2600000000;4481975,2100000000;15-03-2051;16  HORTALEZA;16-06 VALDEFUENTES;MANOTERAS, AVENIDA, DE;20 posterior;Taxi;Línea;5;25;;-3.6681653900;40.4865413900
16.20;443300,7900000000;4482192,0400000000;16-03-2051;16  HORTALEZA;16-06 VALDEFUENTES;MANOTERAS, AVENIDA, DE;20 A;Taxi;Línea;2;10;;-3.6690280350;40.4884897900
16.21;444269,1300000000;4482783,2900000000;14-02-2051;16  HORTALEZA;16-06 VALDEFUENTES;ANA DE AUSTRIA, CALLE, DE;26;Taxi;Línea;3;13,7;DE LUNES A VIERNES LABORABLES DE 9 A 19 HORAS;-3.6576547080;40.4938813230
16.22;444447,3205100000;4482420,8700000000;21-09-2051;16  HORTALEZA;16-06 VALDEFUENTES;PRINCESA DE EBOLI, CALLE, DE LA;29;Taxi;Línea;1;5;DE LUNES A VIERNES LABORABLES DE 6 H A 21 H;-3.6555205110;40.4906286990
16.23;446541,9205100000;4480437,9500000000;15-04-2051;16  HORTALEZA;16-06 VALDEFUENTES;TOMAS REDONDO, CALLE, DE;3;Taxi;Línea;3;15;;-3.6306383160;40.4729033330
16.24;443847,5205100000;4482630,4500000000;16-12-2051;16  HORTALEZA;16-06 VALDEFUENTES;FRANCISCO PI Y MARGALL, AVENIDA, DE;S/N;Taxi;Línea;7;34,8;;-3.6626160070;40.4924767170
16.25;443510,4100000000;4482268,0600000000;10-12-2051;16  HORTALEZA;16-06 VALDEFUENTES;OÑA, CALLE, DE;8;Taxi;Línea;6;32;;-3.6665613950;40.4891886840
16.26;446358,0300000000;4480611,3600000000;03-01-2051;16  HORTALEZA;16-06 VALDEFUENTES;VIA DE LOS POBLADOS, CALLE;S/N;Taxi;Línea;8;40,1;;-3.6328221440;40.4744536420
16.27 a;443806,2051000000;4480402,4600000000;06-02-2051;16  HORTALEZA;16-05 APÓSTOL SANTIAGO;SAN LUIS, AVENIDA, DE;73;Taxi;Línea;2;10;;-3.6629062680;40.4724031980
16.27 b;443812,8700000000;4480421,8000000000;06-02-2051;16  HORTALEZA;16-05 APÓSTOL SANTIAGO;SAN LUIS, AVENIDA, DE;73;Taxi;Línea;4;20;;-3.6628291470;40.4725772050
16.28;446122,9800000000;4479353,0205100000;23-02-2051;16  HORTALEZA;16-03 CANILLAS;MACHUPICHU, AVENIDA, DE;S/N;Taxi;Línea;5;20;;-3.6354880600;40.4631022600
16.29;444708,2600000000;4484732,9500000000;21-04-2051;16  HORTALEZA;16-06 VALDEFUENTES;MEDIODIA, CARRETERA, DEL;30;Taxi;Línea;6;30;;-3.6526432180;40.5114746230
16.30;447794,8100000000;4482726,0000000000;29-12-2051;16  HORTALEZA;16-06 VALDEFUENTES;LUIS MOYA BLANCO, CALLE, DE;8;Taxi;Línea;2;10;;-3.6160473730;40.4935951310
16.31;444335,1800000000;4480260,2600000000;15-06-2051;16  HORTALEZA;16-04 PINAR DEL REY;SAN LUIS, AVENIDA, DE;25;Taxi;Línea;2;10;;-3.6566536940;40.4711578170
16.32;447773,7600000000;4482826,0600000000;16-03-2051;16  HORTALEZA;16-06 VALDEFUENTES;LUIS MOYA BLANCO, CALLE, DE;15;Taxi;Línea;2;9,9;DE LUNES A VIERNES DE 9 A 14 H.;-3.6163040000;40.4944949610
16.33;445874,7800000000;4480001,9205100000;29-01-2051;16  HORTALEZA;16-03 CANILLAS;AREQUIPA, CALLE, DE;S/N;Taxi;Línea;3;16;;-3.6384708210;40.4689325060
16.34;443408,4700000000;4482665,9400000000;14-04-2051;16  HORTALEZA;16-06 VALDEFUENTES;ARROYO DE VALDEBEBAS, CALLE, DEL;5;Taxi;Línea;6;30,1;;-3.6677997280;40.4927663470
 Sin Datos;439591,9100000000;4465961,1205100000;12-05-2051;17  VILLAVERDE;17-01 CASCO HISTÓRICO DE VILLAVERDE;DOMINGO PARRAGA, CALLE, DE;32;Taxi;Línea;3;15;LABORABLES DE LUNES A VIERNES DE 7 A 20 H.;-3.7112468310;40.3420513020
 Sin Datos;440004,7400000000;4466787,0900000000;16-06-2051;17  VILLAVERDE;17-01 CASCO HISTÓRICO DE VILLAVERDE;VILLALONSO, CALLE, DE;3;Taxi;Línea;2;10;LABORABLES DE LUNES A VIERNES DE 8 A 14 H.;-3.7064640660;40.3494832390
17.01;440967,3600000000;4467998,6400000000;01-07-2051;17  VILLAVERDE;17-05 LOS ÁNGELES;LA VERBENA DE LA PALOMA, AVENIDA, DE;3;Taxi;Línea;12;60;;-3.6952417710;40.3604668400
17.04;441273,8000000000;4467026,2051000000;13-04-2051;17  VILLAVERDE;17-04 LOS ROSALES;JUAN JOSE MARTINEZ SECO, CALLE, DE;S/N;Taxi;Línea;3;15;;-3.6915435000;40.3517279160
17.09;439784,5300000000;4466455,6800000000;14-01-2051;17  VILLAVERDE;17-01 CASCO HISTÓRICO DE VILLAVERDE;ALBERTO PALACIOS, PASEO, DE;1;Taxi;Línea;3;18;;-3.7090257030;40.3464818000
 Sin Datos;443766,6700000000;4467933,5500000000;01-06-2051;18  VILLA DE VALLECAS;18-01 CASCO HISTÓRICO DE VALLECAS;EJE 1-13, CALLE;S/N;Taxi;Batería;5;12,5;;-3.6622700550;40.3600733900
 Sin Datos;449081,4100000000;4468247,3000000000;11-05-2051;18  VILLA DE VALLECAS;18-03 ENSANCHE DE VALLECAS;CAÑADA DEL SANTISIMO, CALLE, DE LA;45;Taxi;Línea;4;20;;-3.5997060430;40.3632419040
18.07;448218,1500000000;4470323,2700000000;01-02-2051;18  VILLA DE VALLECAS;18-02 SANTA EUGENIA;SANTA EUGENIA, AVENIDA, DE;Fte 48;Taxi;Línea;2;9;Excepto de 20 a 8 h.;-3.6100413430;40.3818897320
18.09 a;447252,2600000000;4470095,2600000000;04-10-2051;18  VILLA DE VALLECAS;18-01 CASCO HISTÓRICO DE VALLECAS;REAL DE ARGANDA, CALLE;1;Taxi;Línea;3;18;;-3.6214009180;40.3797755750
18.09 b;447230,0600000000;4470109,9205100000;31-01-2051;18  VILLA DE VALLECAS;18-01 CASCO HISTÓRICO DE VALLECAS;SIERRA GADOR, CALLE, DE LA;47;Taxi;Línea;1;7;;-3.6216636200;40.3799056360
18.09 c;447215,4000000000;4470118,1000000000;31-01-2051;18  VILLA DE VALLECAS;18-01 CASCO HISTÓRICO DE VALLECAS;SIERRA GADOR, CALLE, DE LA;45;Taxi;Línea;2;10,5;;-3.6218369970;40.3799792040
18.10;448728,6500000000;4470350,6205100000;22-01-2051;18  VILLA DE VALLECAS;18-02 SANTA EUGENIA;VIRGEN DE LAS VIÑAS, CALLE, DE LA;2;Taxi;Batería;5;15;Laborables de Lunes a Viernes de 6 a 21 h.;-3.6040295830;40.3821681320
18.11;447636,1000000000;4470903,0400000000;29-02-2051;18  VILLA DE VALLECAS;18-02 SANTA EUGENIA;SABINO FERNANDEZ CAMPO, CALLE, DE;Fte 5;Taxi;Línea;4;22,3;;-3.6169457130;40.3870763750
18.12 a;449174,9100000000;4468644,9600000000;21-05-2051;18  VILLA DE VALLECAS;18-03 ENSANCHE DE VALLECAS;LAS SUERTES, AVENIDA, DE;53;Taxi;Línea;2;11;;-3.5986363880;40.3668300520
18.12 b;449144,6600000000;4468664,8300000000;04-05-2051;18  VILLA DE VALLECAS;18-03 ENSANCHE DE VALLECAS;LAS SUERTES, AVENIDA, DE;53;Taxi;Línea;3;15;;-3.5989943150;40.3670066950
18.13;448751,1000000000;4470155,9100000000;21-05-2051;18  VILLA DE VALLECAS;18-02 SANTA EUGENIA;FUENTESPINA, CALLE, DE;2 A;Taxi;Línea;2;10;Lunes a viernes de 8 a 21 h.;-3.6037494640;40.3804154540
18.14;448826,1100000000;4468511,3500000000;21-05-2051;18  VILLA DE VALLECAS;18-03 ENSANCHE DE VALLECAS;ENSANCHE DE VALLECAS, AVENIDA, DEL;49;Taxi;Línea;3;15;Laborables de 8 a 20 h.;-3.6027338390;40.3656047820
18.15;447966,9900000000;4469074,3600000000;16-03-2051;18  VILLA DE VALLECAS;18-03 ENSANCHE DE VALLECAS;ENSANCHE DE VALLECAS, AVENIDA, DEL;9;Taxi;Línea;3;15;;-3.6128979960;40.3706230330
19.06;448374,5700000000;4472804,3205100000;30-10-2051;19  VICÁLVARO;19-01 CASCO HISTÓRICO DE VICÁLVARO;SAN CIPRIANO, CALLE, DE;11;Taxi;Línea;3;19,7;;-3.6083996470;40.4042510140
19.08;447243,8100000000;4472089,9400000000;18-02-2051;19  VICÁLVARO;19-02 VALDEBERNARDO;JOSE PRAT, BULEVAR, DE;21;Taxi;Línea;5;28;;-3.6216656250;40.3977442190
19.09;447230,5205100000;4472333,1700000000;15-01-2051;19  VICÁLVARO;19-02 VALDEBERNARDO;INDALECIO PRIETO, BULEVAR, DE;26;Taxi;Línea;3;14;Laborables de Lunes a Viernes de 6 a 19 h.;-3.6218424400;40.3999344650
19.11;449350,5700000000;4472518,2500000000;31-05-2051;19  VICÁLVARO;19-03 VALDERRIVAS;GRAN VIA DEL ESTE, AVENIDA, DE LA;14;Taxi;Línea;3;16,89;LABORABLES DE LUNES A VIERNES DE 6:00 A 19:00 H;-3.5968754600;40.4017338960
19.14;447953,7800000000;4473113,6205100000;16-08-2051;19  VICÁLVARO;19-01 CASCO HISTÓRICO DE VICÁLVARO;CALAHORRA, CALLE, DE;114;Taxi;Línea;2;10;Laborables de Lunes a Viernes de 6 a 19.00 h;-3.6133836350;40.4070111810
 Sin Datos;447892,3600000000;4477369,2800000000;27-10-2051;20  SAN BLAS-CANILLEJAS;20-07 CANILLEJAS;ALCALA, CALLE, DE;585;Taxi;Línea;2;11;LABORABLES DE LUNES A VIERNES DE 6:00 A 19:00 H. ;-3.6144562690;40.4453444070
20.01;446788,2800000000;4474932,9205100000;11-12-2051;20  SAN BLAS-CANILLEJAS;20-03 AMPOSTA;HERMANOS GARCIA NOBLEJAS, CALLE, DE LOS;89;Taxi;Línea;7;38,3;;-3.6272708710;40.4233263260
20.02;446393,6100000000;4475657,6700000000;08-03-2051;20  SAN BLAS-CANILLEJAS;20-01 SIMANCAS;HERMANOS GARCIA NOBLEJAS, CALLE, DE LOS;49;Taxi;Línea;6;29;;-3.6319843080;40.4298306580
20.03;447344,1205100000;4475096,9900000000;13-06-2051;20  SAN BLAS-CANILLEJAS;20-03 AMPOSTA;AMPOSTA, CALLE, DE;S/N;Taxi;Línea;5;20;;-3.6207325060;40.4248402530
20.07;448322,0800000000;4477702,9400000000;23-02-2051;20  SAN BLAS-CANILLEJAS;20-07 CANILLEJAS;ALCALA, CALLE, DE;628;Taxi;Línea;4;20;;-3.6094163600;40.4483775880
20.08;447767,6000000000;4475645,8700000000;15-01-2051;20  SAN BLAS-CANILLEJAS;20-02 HELLÍN;HELLIN, AVENIDA, DE;42;Taxi;Batería;3;15;Laborables de Lunes a Viernes de 8 a 19 h.;-3.6157857030;40.4298110050
20.09 b;446700,1600000000;4477640,9800000000;04-03-2051;20  SAN BLAS-CANILLEJAS;20-08 SALVADOR;JUAN IGNACIO LUCA DE TENA, CALLE, DE;34;Taxi;Línea;5;16;;-3.6285368210;40.4477168530
20.10;447308,9205100000;4474459,5000000000;17-01-2051;20  SAN BLAS-CANILLEJAS;20-04 ARCOS;GUADALAJARA, AVENIDA, DE;4;Taxi;Línea;5;25;;-3.6210946720;40.4190953190
20.14;448522,8500000000;4475635,3205100000;15-01-2051;20  SAN BLAS-CANILLEJAS;20-05 ROSAS;NIZA, AVENIDA, DE;37;Taxi;Línea;3;15;Laborables de Lunes a Viernes de 6 a 19 h.;-3.6068814800;40.4297635640
20.16;448714,3500000000;4475403,5205100000;17-01-2051;20  SAN BLAS-CANILLEJAS;20-05 ROSAS;SUECIA, CALLE, DE;64;Taxi;Línea;2;10;Laborables de Lunes a Viernes de 6 a 19 h.;-3.6046051760;40.4276866500
20.17;451108,9400000000;4477709,5900000000;16-01-2051;20  SAN BLAS-CANILLEJAS;20-06 REJAS;ARAGON, AVENIDA, DE;S/N;Taxi;Línea;3;15,1;Laborables de Lunes a Viernes de 6 a 19 h.;-3.5765543660;40.4486055110
20.18;446402,0900000000;4476723,6800000000;26-04-2051;20  SAN BLAS-CANILLEJAS;20-01 SIMANCAS;ALCALA, CALLE, DE;476;Taxi;Línea;2;9,9;Laborables de Lunes a Viernes de 8 a 19 h.;-3.6319741670;40.4394339460
20.19;446359,4205100000;4476106,6700000000;18-10-2051;20  SAN BLAS-CANILLEJAS;20-01 SIMANCAS;JULIAN CAMARILLO, CALLE, DE;Fte 4;Taxi;Línea;3;15;;-3.6324251420;40.4338725880
20.20;446001,4500000000;4477646,4400000000;15-12-2051;20  SAN BLAS-CANILLEJAS;20-08 SALVADOR;JUAN RIZI, CALLE, DE;5;Taxi;Línea;3;15;;-3.6367763550;40.4477213220
20.21;450586,0600000000;4477438,2700000000;16-01-2051;20  SAN BLAS-CANILLEJAS;20-06 REJAS;CAMPEZO, CALLE, DE;S/N;Taxi;Línea;2;10,1;Laborables de Lunes a Viernes de 6 a 21 h.;-3.5826988800;40.4461309060
20.22;445607,2800000000;4477773,3205100000;25-06-2051;20  SAN BLAS-CANILLEJAS;20-08 SALVADOR;JOSEFA VALCARCEL, CALLE, DE;40;Taxi;Batería;3;7,21;;-3.6414351330;40.4488377300
20.23;448520,1500000000;4475068,5700000000;15-01-2051;20  SAN BLAS-CANILLEJAS;20-05 ROSAS;GINEBRA, PASEO, DE;8;Taxi;Línea;3;16;Laborables de Lunes a Viernes de 6 a 19 h.;-3.6068673280;40.4246578230
20.25;450622,0000000000;4477640,7300000000;09-05-2051;20  SAN BLAS-CANILLEJAS;20-06 REJAS;CAMPEZO, CALLE, DE;4;Taxi;Línea;5;25;;-3.5822909340;40.4479570370
20.26;450617,5800000000;4477596,7400000000;09-05-2051;20  SAN BLAS-CANILLEJAS;20-06 REJAS;CAMPEZO, CALLE, DE;S/N;Taxi;Línea;5;20;;-3.5823395780;40.4475600350
20.27;447432,8600000000;4477043,3500000000;19-07-2051;20  SAN BLAS-CANILLEJAS;20-01 SIMANCAS;CRONOS, CALLE, DE;Fte 69;Taxi;Línea;4;20,1;;-3.6198474580;40.4423800380
20.28;448600,8600000000;4476071,2500000000;15-09-2051;20  SAN BLAS-CANILLEJAS;20-05 ROSAS;SUECIA, CALLE, DE;100 E;Taxi;Línea;5;25;;-3.6059971200;40.4336950860
20.30;447057,3205100000;4477651,4700000000;29-09-2051;20  SAN BLAS-CANILLEJAS;20-08 SALVADOR;MARQUESADO DE SANTA MARTA, CALLE, DEL;5;Taxi;Batería;8;21;;-3.6243260970;40.4478340230
20.31;446519,6500000000;4476410,9000000000;23-07-2051;20  SAN BLAS-CANILLEJAS;20-01 SIMANCAS;ALBASANZ, CALLE, DE;9;Taxi;Línea;3;15;;-3.6305617690;40.4366238170
20.32;445991,1600000000;4476395,9600000000;26-11-2051;20  SAN BLAS-CANILLEJAS;20-01 SIMANCAS;HERMANOS GARCIA NOBLEJAS, CALLE, DE LOS;17 B;Taxi;Línea;2;10;;-3.6367913670;40.4364547950
21.01;450634,9800000000;4478833,6500000000;22-10-2051;21  BARAJAS;21-01 ALAMEDA DE OSUNA;GALEON, CALLE, DEL;27;Taxi;Batería;5;12;;-3.5822307160;40.4587041210
21.02;450992,8900000000;4480495,0205100000;25-02-2051;21  BARAJAS;21-03 CASCO HISTÓRICO DE BARAJAS;MAYOR DE BARAJAS, PLAZA;2;Taxi;Batería;10;27;;-3.5781377920;40.4736922390
21.04;450121,8600000000;4478475,5500000000;03-03-2051;21  BARAJAS;21-01 ALAMEDA DE OSUNA;NAVIO, PLAZA, DEL;S/N;Taxi;Línea;4;22;;-3.5882541070;40.4554477150
21.05;450126,0300000000;4478194,5300000000;03-03-2051;21  BARAJAS;21-01 ALAMEDA DE OSUNA;MAR, PLAZA, DEL;1;Taxi;Línea;4;20;;-3.5881828880;40.4529161010
21.07 a;447816,7500000000;4479156,4400000000;01-02-2051;21  BARAJAS;21-05 CORRALEJOS;CAPITAL DE ESPAÑA MADRID, AVENIDA, DE LA;4;Taxi;Línea;5;25;;-3.6154946980;40.4614397650
21.07 b;447805,3300000000;4479221,0900000000;01-02-2051;21  BARAJAS;21-05 CORRALEJOS;CAPITAL DE ESPAÑA MADRID, AVENIDA, DE LA;6;Taxi;Línea;1;6;;-3.6156347280;40.4620514890
21.08;447712,4400000000;4479380,5900000000;18-06-2051;21  BARAJAS;21-05 CORRALEJOS;PARTENON, AVENIDA, DEL;10;Taxi;Línea;6;32;;-3.6167434590;40.4634525090
21.09;449606,4100000000;4477999,2900000000;07-03-2051;21  BARAJAS;21-01 ALAMEDA DE OSUNA;OBENQUE, CALLE, DEL;3;Taxi;Línea;3;17;;-3.5942952051;40.4511258370
21.10;447378,5600000000;4479232,9300000000;02-01-2051;21  BARAJAS;21-05 CORRALEJOS;RIBERA DEL LOIRA, CALLE, DE LA;S/N;Taxi;Línea;15;75;;-3.6206691370;40.4621014740
21.11;447631,9600000000;4479019,9600000000;02-01-2051;21  BARAJAS;21-05 CORRALEJOS;RIBERA DEL LOIRA, CALLE, DE LA;S/N;Taxi;Línea;12;60;;-3.6176629990;40.4601987390
21.12;451626,6700000000;4479403,1100000000;01-12-2051;21  BARAJAS;21-02 AEROPUERTO;BARAJAS, AEROPUERTO, DE;T1;Taxi;Línea;404;359,3;;-3.5705782440;40.4638925980
21.13;451700,7000000000;4479900,2205100000;01-12-2051;21  BARAJAS;21-02 AEROPUERTO;BARAJAS, AEROPUERTO, DE;T2y3;Taxi;Línea;1200;6000;;-3.5697429290;40.4683751330
21.14;449725,2800000000;4482457,8300000000;28-02-2051;21  BARAJAS;21-04 TIMÓN;BARAJAS, AEROPUERTO, DE;T4;Taxi;Línea;1360;266,3;;-3.5932468040;40.4912983150
21.15;450666,0205100000;4480726,4000000000;14-01-2051;21  BARAJAS;21-03 CASCO HISTÓRICO DE BARAJAS;PAJARONES, CALLE, DE LOS;18;Taxi;Línea;3;19,5;;-3.5820517320;40.4757566630
21.16;450779,4700000000;4480114,0205100000;29-10-2051;21  BARAJAS;21-03 CASCO HISTÓRICO DE BARAJAS;GENERAL, AVENIDA;36;Taxi;Línea;2;13;Laborables de Lunes a Viernes de 6  a 19 h.;-3.5806258610;40.4702467570
21.17;447124,9400000000;4479582,8300000000;02-01-2051;21  BARAJAS;21-05 CORRALEJOS;RIBERA DEL LOIRA, CALLE, DE LA;20;Taxi;Línea;8;40;;-3.6236896560;40.4652372720
21.18;448332,5205100000;4481512,3600000000;18-03-2051;21  BARAJAS;21-04 TIMÓN;FUERZAS ARMADAS, AVENIDA, DE LAS;S/N;Taxi;Batería;5;15;;-3.6096034880;40.4826956970
21.19;448792,6700000000;4481706,0700000000;18-03-2051;21  BARAJAS;21-04 TIMÓN;JULIO CANO LASSO, CALLE, DE;S/N;Taxi;Batería;15;45;;-3.6041904120;40.4844690590
